home_ownership,income,dti,fico,loan_status
1,43,39.66,670,0
1,80,39.54,685,1
0,30,39.52,695,1
1,105,39.45,710,0
0,28.6,39.28,680,1
0,59,39.24,660,1
1,95,38.98,685,0
0,42,38.69,660,0
1,42,38.57,740,0
0,65,38.46,670,1
1,65,38.36,665,1
1,56.125,38.32,690,1
0,87,38.2,710,0
0,53,38.18,660,0
0,100.6,38.03,660,0
0,50,37.76,690,0
1,50,37.45,665,1
1,55,37.29,670,1
1,70,37.22,720,1
0,47,37.05,705,0
1,48,37.03,725,0
0,41,36.94,665,0
0,68,36.9,665,0
0,47.999,36.88,685,1
1,45.219,36.81,665,0
0,29.12,36.77,660,0
0,48,36.75,680,0
0,20.5,36.71,705,0
0,60,36.66,695,0
1,56,36.61,670,1
1,52.68,36.57,690,1
1,32.76,36.41,700,1
1,93.5,36.12,715,1
1,55,36.02,685,0
1,23.8,36.01,675,0
1,95,35.86,720,1
0,29,35.84,690,1
1,72,35.8,675,1
1,114,35.69,660,0
0,24,35.65,675,0
1,61.256,35.62,720,1
1,43,35.53,685,1
1,32,35.52,695,1
1,74,35.48,660,1
1,72,35.45,730,1
0,57.4,35.38,690,0
1,75,35.35,750,1
1,100,35.28,670,0
0,58,35.17,690,1
0,25.344,34.99,710,0
1,110,34.97,705,1
1,48.012,34.97,680,0
1,98.202,34.95,715,0
0,45,34.93,670,1
0,41,34.87,670,1
1,35,34.84,710,1
1,30,34.84,700,1
0,108,34.81,675,0
0,37.81232,34.78,660,0
1,73,34.77,685,0
1,70,34.73,710,1
1,54,34.73,700,0
1,31.2,34.71,710,1
0,48,34.7,665,0
0,60,34.68,675,1
0,40,34.68,675,0
0,46,34.65,685,1
0,50,34.64,685,1
1,70,34.61,735,0
1,45,34.56,685,0
1,90,34.54,690,1
0,28.5,34.44,690,0
1,107,34.43,685,1
1,41.532,34.38,665,1
0,35.6,34.36,665,0
1,58,34.22,705,0
0,55,34.21,710,1
1,46,34.18,665,0
1,118,34.16,670,0
1,67,34.16,680,1
0,45.05232,34.15,665,1
0,65,34.12,665,1
0,43.5,34.08,665,0
0,48,34.05,660,1
0,25,34.04,675,0
0,22,33.99,705,0
1,48,33.98,680,1
0,28.752,33.97,790,1
0,29,33.93,680,0
1,60,33.9,675,1
0,50,33.89,665,1
1,46,33.89,680,0
1,100,33.88,680,1
0,45,33.83,665,0
1,100,33.77,685,0
0,65,33.77,665,1
0,100,33.73,670,1
1,28,33.73,735,1
1,29,33.69,715,0
1,140,33.68,685,1
1,71.5,33.65,695,0
0,30,33.64,695,0
0,40,33.63,685,0
0,99.6,33.59,675,1
1,70,33.58,730,0
0,92,33.57,685,1
1,31.74,33.53,670,1
0,23,33.51,670,1
0,65,33.49,690,1
1,50,33.49,675,0
0,86,33.46,715,1
1,69,33.46,685,1
1,80,33.44,695,0
0,50.736,33.44,675,0
1,55,33.43,660,1
1,70,33.38,670,1
0,33.7,33.37,670,1
1,35,33.3,670,1
1,105.8,33.29,675,1
1,32,33.27,675,1
1,70,33.14,725,0
1,55,33.01,660,0
1,24.5,32.93,665,0
0,34,32.9,700,1
0,39,32.89,695,1
0,48,32.88,705,0
1,73,32.86,675,0
0,37.921,32.85,705,0
1,59,32.77,665,0
1,66.3,32.76,705,1
1,55,32.73,680,0
0,40,32.73,720,1
1,50,32.72,670,1
1,92.081,32.71,665,1
1,29.4,32.69,690,0
0,84,32.65,680,1
1,60,32.64,670,0
0,22,32.62,675,0
0,41,32.55,670,0
0,53,32.54,665,0
0,50,32.45,680,1
1,68,32.44,700,1
1,60,32.44,670,0
1,120,32.41,660,1
1,55,32.4,775,1
0,68,32.39,700,1
1,45,32.37,700,0
1,125,32.36,670,1
1,46.166,32.36,710,1
1,36.424,32.34,690,1
1,42,32.29,665,1
0,84,32.23,735,1
1,52,32.23,715,0
1,34,32.23,670,0
0,62,32.17,705,1
1,35,32.17,745,1
0,36,32.13,660,1
1,75.885,32.12,660,1
1,70,32.11,680,1
1,51,32.09,695,1
1,105,32.08,680,0
1,98,32.07,690,1
1,38,32.03,700,0
0,20,31.99,675,1
0,70,31.94,730,0
0,27,31.91,690,1
1,44,31.9,670,1
1,87.606,31.86,720,1
0,55,31.84,660,1
0,50,31.81,665,1
0,44,31.78,785,0
0,38,31.78,690,1
1,130,31.75,705,0
0,110,31.73,660,0
0,63,31.73,685,0
1,25.488,31.69,665,0
1,51,31.66,695,0
1,110,31.62,670,1
1,50,31.59,700,0
0,85,31.51,695,1
1,68,31.49,670,1
0,75,31.48,695,1
1,65,31.48,700,0
1,43,31.48,710,1
1,94,31.47,660,0
0,31,31.43,660,0
1,75,31.42,660,0
1,27,31.42,685,0
0,58,31.41,670,1
1,72,31.38,690,1
0,35,31.38,660,0
0,52,31.34,675,1
1,48.72192,31.28,700,1
0,58,31.22,660,1
1,57,31.2,700,0
0,53,31.2,690,1
0,34,31.2,660,0
1,100,31.17,690,1
0,68,31.13,680,1
1,72,31.12,685,0
0,52,31.06,680,1
1,30,31.04,730,1
1,70.5941,31.03,670,1
0,44,31.02,715,1
1,180,31.01,715,1
0,43,30.98,710,0
1,85,30.96,685,1
1,55,30.92,695,1
0,58.5,30.91,680,0
1,71,30.87,715,0
1,98,30.85,690,1
1,90,30.85,710,1
1,74,30.77,685,0
0,43.256,30.76,680,0
1,105,30.75,685,1
1,81,30.74,755,1
0,21.651,30.71,700,0
1,58,30.68,725,1
1,27,30.67,670,1
0,37,30.65,690,1
1,65,30.62,665,1
0,58,30.62,660,1
1,60,30.6,690,1
1,56,30.58,685,1
0,110,30.56,690,0
0,64.833,30.56,685,1
0,30,30.52,690,1
0,55,30.5,695,0
0,67,30.49,675,1
1,48,30.47,720,0
1,110,30.42,735,1
0,96,30.41,675,1
1,91.216,30.34,670,1
1,130,30.31,745,1
1,55,30.31,690,0
1,157,30.28,660,1
0,60,30.28,685,1
1,107,30.25,710,1
1,74,30.25,660,0
1,65,30.24,695,1
0,57,30.23,690,1
1,59,30.21,705,1
0,52,30.19,710,0
0,22,30.17,695,1
1,140,30.13,790,1
0,48,30.13,675,0
0,32,30.13,695,1
1,147.824,30.06,670,0
1,70,30.05,700,1
0,30,30.05,685,0
1,59.885,30.03,685,0
1,32,30.03,710,0
1,67,30.01,680,1
0,63,30,700,1
1,58.564,30,670,1
1,30,29.96,670,0
0,22,29.95,675,1
1,93.447,29.94,660,0
0,63,29.92,680,0
1,79.6,29.9,675,0
0,35,29.9,660,1
1,53,29.89,720,0
0,60,29.86,685,0
0,58,29.86,720,1
1,35.654,29.86,740,0
0,47,29.77,665,0
1,40,29.77,675,1
0,35,29.77,730,1
1,108,29.76,660,0
1,95,29.75,725,1
1,76,29.75,705,1
1,55,29.74,690,1
1,40,29.73,680,0
1,100,29.7,725,1
1,71,29.68,695,0
0,36,29.67,680,0
1,53,29.64,680,1
0,36,29.63,695,0
1,72,29.62,690,1
1,50.4,29.62,670,1
0,76,29.56,680,0
1,48,29.55,660,0
0,69,29.51,665,0
1,101.325,29.47,665,0
0,41,29.45,680,1
1,27.3,29.44,745,1
1,111,29.4,680,1
1,49,29.39,685,1
1,94,29.35,705,1
1,46,29.32,720,0
0,79,29.3,680,0
1,70,29.3,670,0
0,28.75,29.27,685,0
0,45,29.25,675,0
0,70,29.21,680,1
0,70,29.18,715,1
1,75.5,29.17,715,1
1,95,29.16,690,1
0,67,29.14,665,0
0,90,29.11,685,0
1,90.68,29.1,660,1
1,100,29.09,675,0
1,108,29.08,705,1
1,150,29.07,685,1
0,62,29.06,670,1
1,100,29.03,660,1
1,80,29.03,715,1
0,85,29.02,695,1
1,49,29.02,670,1
0,57,29.01,675,1
0,35,29.01,660,0
1,87,28.99,705,1
1,111,28.98,670,0
0,48,28.95,725,1
1,75,28.91,695,1
0,60,28.91,705,1
1,70.62,28.87,715,1
0,60,28.86,665,1
0,47,28.85,715,0
1,41,28.83,690,1
0,56.976,28.77,660,0
0,30,28.76,670,1
1,30,28.76,685,1
1,72,28.75,665,1
1,56,28.74,670,0
1,40.438,28.73,685,0
0,70,28.72,665,0
1,82.4,28.71,730,1
1,96,28.68,715,1
1,63,28.65,670,1
1,65,28.62,675,1
0,65,28.6,685,0
1,77,28.58,680,1
1,42,28.58,745,0
0,52,28.57,660,0
0,55,28.56,670,1
0,22.157,28.55,665,0
1,44,28.53,685,0
1,28.56,28.53,710,1
1,32.228,28.49,685,1
1,47,28.48,730,1
1,60,28.43,680,1
1,31.304,28.41,705,1
0,81,28.4,710,0
1,70,28.36,665,1
1,81,28.34,775,1
0,44,28.34,685,1
0,35,28.33,730,1
0,33,28.33,670,1
0,50,28.32,695,1
1,30,28.32,665,1
1,87,28.3,690,1
1,52,28.29,675,0
0,40,28.29,685,1
0,39.52,28.29,695,0
1,120,28.26,690,1
1,35,28.26,710,0
0,37.2,28.23,665,1
1,120,28.2,680,1
0,49.453,28.2,660,0
0,45.63,28.2,685,1
0,200,28.18,730,0
0,116,28.17,690,1
1,110,28.16,695,1
1,41,28.16,705,0
1,46,28.15,685,1
0,80,28.14,690,1
1,84,28.13,725,1
1,76,28.12,700,0
1,57,28.06,675,1
1,122,28.05,660,1
0,33,28.04,670,0
1,34,28.03,680,1
0,130,28.02,725,0
0,42,28,690,1
0,28.8,28,675,0
0,28.5,28,725,0
1,47,27.99,660,1
1,86.518,27.97,705,1
1,79,27.92,720,1
0,70,27.91,685,0
1,65,27.86,700,0
1,50,27.84,695,1
1,36.12,27.84,670,1
1,100,27.83,705,1
1,95,27.82,680,0
1,152.178,27.81,660,1
0,35,27.81,710,1
0,29,27.81,670,1
0,43,27.8,695,0
0,55,27.79,660,1
1,72,27.78,670,0
1,68,27.78,705,0
1,111,27.76,700,1
0,48,27.74,660,0
0,36,27.73,715,1
0,50,27.72,660,1
1,98.4,27.71,705,1
0,75,27.71,705,1
1,49.7,27.67,730,1
0,32,27.64,660,1
0,40,27.63,700,0
0,80,27.62,675,1
1,75,27.61,660,0
0,105,27.6,720,1
0,25,27.6,660,0
1,67,27.59,680,0
1,32,27.57,680,0
0,96,27.54,685,1
0,61,27.5,710,1
1,75.2336,27.47,670,0
1,23,27.4,690,0
1,50,27.39,705,1
1,47,27.35,700,1
1,84.5,27.32,720,1
0,60,27.3,665,1
0,60,27.3,670,1
1,35,27.27,775,0
1,35,27.26,780,1
1,31,27.26,675,1
1,90,27.24,685,0
0,60,27.24,705,1
0,32,27.23,665,1
0,65.309,27.21,680,1
1,50,27.2,710,1
1,77.721,27.18,800,1
1,48,27.18,675,0
0,50,27.15,665,1
1,125,27.12,660,0
0,45,27.12,720,1
0,133.2,27.11,670,0
1,104,27.11,665,0
0,80.6,27.07,695,0
1,63,27.07,695,1
0,52.06,27.07,665,1
0,75,27.04,700,1
1,88,27.02,690,0
1,51,26.99,740,0
1,106,26.97,695,1
1,70,26.95,745,1
1,57,26.95,755,0
0,25,26.93,660,1
0,54,26.91,685,1
0,75,26.9,715,0
1,86.5,26.89,685,0
1,27,26.89,740,1
0,38,26.88,670,1
1,35,26.86,705,1
0,25,26.84,735,1
0,28,26.82,675,1
1,30,26.8,680,0
0,65.595,26.78,695,1
0,52,26.77,695,0
0,50,26.77,705,1
1,80,26.76,680,0
1,48,26.75,670,0
1,32,26.74,700,0
1,80,26.7,705,1
0,36,26.7,670,1
0,78,26.69,680,0
1,54,26.69,675,0
0,42,26.69,685,1
1,100,26.67,705,1
0,62.5,26.67,680,1
0,32,26.67,700,1
0,34,26.65,710,1
1,95,26.64,685,1
1,55,26.6,700,0
1,42,26.57,680,1
1,41,26.55,690,1
1,110,26.54,745,1
0,89,26.54,670,1
1,68,26.54,670,0
1,60,26.54,685,0
1,70,26.52,670,0
0,60,26.52,660,1
0,37,26.52,685,1
0,30,26.52,660,0
1,54,26.51,670,0
1,27,26.49,750,1
1,70,26.47,715,1
0,75,26.46,660,1
1,62,26.46,685,1
1,115,26.45,750,1
1,89.6,26.44,715,1
0,105,26.43,690,1
0,40,26.4,660,0
1,130,26.37,680,1
1,25,26.36,710,1
0,100,26.28,675,0
1,60.72,26.28,680,1
1,79.71768,26.25,675,0
0,50,26.21,675,1
0,55,26.17,695,1
0,35,26.17,660,1
0,50,26.16,680,1
0,52,26.15,660,0
1,53,26.13,735,1
1,85,26.12,720,1
1,165,26.1,680,0
0,28,26.1,745,0
1,68,26.09,665,0
0,94.7,26.08,680,0
1,130,26.05,760,1
1,98.853,26.05,695,1
0,70,26.05,680,0
1,55,26.05,660,1
0,27.04,26.05,730,1
1,95.724,26.04,730,1
0,40,26.04,685,1
1,36,26.03,795,1
0,45.9,26.01,680,1
1,60,26,680,1
0,30,26,695,0
1,120,25.99,705,0
1,62,25.99,675,0
0,34,25.98,660,0
1,46,25.96,695,0
1,30,25.96,715,1
0,79,25.93,695,1
1,69,25.93,680,1
1,20,25.93,700,0
1,98,25.92,730,1
0,59,25.9,660,0
1,70,25.88,750,1
1,56.892,25.86,690,0
1,42.3,25.85,765,1
0,90,25.83,710,1
1,78.982,25.8,710,1
1,96,25.78,675,1
0,60,25.78,660,1
1,60,25.76,715,1
1,60,25.76,705,1
1,70,25.74,750,1
1,40,25.74,675,1
1,100,25.73,725,1
1,175,25.68,690,1
0,38,25.68,685,0
1,106.586,25.63,685,1
1,34,25.63,685,1
0,26,25.62,665,1
1,70,25.61,755,1
1,62,25.61,670,0
1,72,25.58,660,0
0,101.92,25.55,705,1
1,78,25.54,730,1
0,36.584,25.52,660,1
1,30,25.52,675,0
1,200,25.51,695,0
1,100,25.5,705,0
0,50,25.47,680,0
1,45,25.47,660,0
1,60.5,25.45,660,0
1,98,25.4,715,1
0,65,25.37,675,0
0,90,25.36,665,1
0,67,25.36,690,0
0,62.5,25.35,775,1
0,110,25.34,665,0
1,101.388,25.34,680,0
0,76.5,25.33,790,1
1,75,25.33,695,1
1,126,25.32,720,1
0,30,25.32,685,0
1,45,25.31,710,1
1,39,25.3,710,1
1,120,25.29,735,1
0,55,25.29,660,1
1,60,25.28,690,1
1,55,25.27,715,1
1,65,25.26,715,1
1,94,25.24,675,1
1,120,25.23,710,1
1,48,25.23,725,0
1,48,25.23,670,1
0,40,25.2,660,1
1,107,25.19,720,1
1,58.906,25.17,685,0
0,130,25.15,680,1
1,52.5,25.13,685,1
1,59,25.12,795,1
0,98,25.11,680,0
1,95,25.11,670,0
0,60,25.1,675,1
0,72.886,25.09,695,1
1,79,25.03,710,1
1,90,25,770,1
1,50,25,770,1
1,60,24.98,680,1
1,58,24.95,690,0
1,53.639,24.95,700,0
1,103.5,24.93,700,1
0,43,24.89,690,1
1,73.955,24.88,705,1
0,30,24.88,685,0
1,84.4,24.87,725,1
0,50,24.87,695,0
1,50,24.84,730,1
1,82,24.78,665,1
1,60,24.78,720,1
0,75,24.75,660,0
1,48,24.75,665,1
0,112,24.7,700,1
0,102.768,24.68,665,1
0,65,24.67,690,1
0,33.3828,24.67,675,0
1,20,24.67,680,1
0,70,24.65,690,1
0,55,24.63,670,1
1,29,24.63,700,0
1,140,24.62,700,1
1,45,24.61,680,1
1,115,24.6,705,1
1,58,24.58,660,1
0,61,24.57,675,1
0,45.76,24.57,660,0
1,45,24.56,665,0
1,65,24.54,665,0
0,115,24.53,685,0
0,50,24.53,695,0
1,45,24.53,670,1
1,120,24.48,755,1
1,103,24.47,720,1
1,65,24.45,660,1
0,30,24.44,675,1
0,30,24.44,685,1
0,60,24.42,685,0
0,22,24.4,670,1
1,92,24.39,680,1
1,63,24.38,715,1
1,60,24.36,695,0
1,54,24.36,730,1
1,44.29,24.36,670,1
1,65,24.35,660,1
0,65,24.35,660,1
0,55.62692,24.34,700,0
0,30,24.32,705,0
1,115,24.31,730,1
1,35,24.25,670,0
0,54,24.2,660,0
1,48,24.2,660,1
0,57,24.19,705,1
1,49.5,24.19,660,0
0,45,24.19,695,0
0,82,24.17,660,1
1,80,24.17,745,0
1,76,24.16,725,1
1,60.4,24.16,715,1
0,43,24.14,680,0
1,120,24.12,695,1
1,105,24.11,710,1
1,220,24.1,730,1
1,65,24.08,685,1
1,65,24.08,695,1
1,60,24.06,660,1
1,56,24.05,680,1
1,65,24.02,690,1
1,220,24.01,715,1
1,80,24.01,700,1
0,36,24,710,0
1,30,24,740,0
1,120,23.99,670,1
0,30,23.96,690,1
1,72.5,23.95,690,1
1,64,23.95,690,0
1,49,23.95,665,1
1,95,23.93,715,1
1,68,23.91,670,1
0,65,23.91,685,0
1,61,23.88,695,0
0,45,23.79,665,0
1,75,23.78,695,1
1,70,23.78,730,0
0,30,23.78,795,0
1,70,23.76,685,0
0,70,23.76,660,1
1,37.2,23.74,660,1
0,112,23.73,715,1
1,54,23.73,660,0
0,35,23.73,720,1
1,56,23.72,710,1
0,31.572,23.72,675,0
0,29,23.72,680,1
0,106,23.71,695,1
1,47.244,23.7,710,0
0,65,23.69,700,1
0,100,23.67,675,0
1,32,23.67,705,0
1,35,23.66,670,0
1,38.771,23.65,710,0
0,78,23.6,665,1
1,33.715,23.6,665,0
0,100,23.59,715,0
0,60,23.58,695,1
0,75,23.57,710,0
1,42,23.57,765,0
0,68,23.56,680,1
1,45,23.55,685,1
0,42,23.54,700,0
0,43,23.53,660,0
0,61.1,23.51,665,1
1,37,23.48,660,0
1,75,23.47,660,1
1,75,23.46,665,0
1,100,23.45,735,1
0,55,23.45,660,0
0,52,23.42,680,1
1,160,23.41,675,1
1,100,23.4,700,1
1,97,23.4,690,1
1,50,23.36,715,0
1,85,23.31,695,1
1,138,23.3,705,1
0,80,23.3,695,1
1,66,23.29,755,1
0,50,23.28,740,1
0,75,23.26,675,1
0,70,23.26,680,0
1,57,23.26,740,0
0,85,23.25,670,0
1,48,23.25,660,1
1,80,23.23,665,1
1,64,23.23,690,1
0,80,23.21,700,1
1,100,23.2,700,1
0,60,23.18,730,1
1,65,23.15,670,0
1,62,23.15,700,1
0,28,23.15,675,0
1,76,23.13,660,1
1,72,23.12,715,1
1,64,23.1,675,0
1,60,23.1,665,0
0,40,23.1,675,0
0,34,23.09,670,0
0,77,23.08,695,1
0,55,23.08,660,1
0,85,23.07,680,0
1,98.8,23.06,685,0
0,98,23.02,675,0
1,80,23.01,685,1
1,50,23,695,0
1,50,23,700,1
1,49.2,23,675,0
1,170,22.99,685,0
1,70,22.99,695,1
1,60,22.98,665,1
1,110,22.97,725,1
1,76,22.97,680,1
1,58,22.95,660,1
1,50,22.94,685,0
1,65,22.92,705,0
0,50,22.9,710,0
1,50,22.9,670,1
1,62,22.88,720,1
0,57,22.88,665,0
0,45,22.88,670,1
1,80,22.86,665,1
1,90,22.83,750,1
0,42,22.83,685,1
1,85,22.82,670,0
0,64,22.81,690,0
0,38,22.8,720,1
1,94,22.78,700,1
0,65,22.75,705,1
1,65,22.72,720,0
0,30,22.72,690,0
0,72.4091,22.7,660,1
0,67,22.69,690,1
0,42,22.69,660,0
1,20,22.69,740,1
1,33.5,22.68,680,0
0,62.4,22.67,715,1
0,45,22.67,705,0
1,42,22.66,710,1
1,30,22.66,720,0
1,215,22.61,755,1
1,95,22.61,755,0
1,68,22.61,700,0
1,49,22.61,730,1
1,60,22.6,665,1
0,105,22.55,660,1
0,63,22.55,670,1
1,29,22.55,700,0
1,142,22.54,695,1
0,42.27884,22.54,680,1
0,32,22.54,675,1
0,75,22.53,700,0
1,75,22.53,675,1
0,42,22.51,730,1
0,45,22.48,675,1
1,65.033,22.46,670,1
1,40,22.44,685,1
1,115,22.43,685,1
1,90.115,22.43,705,1
0,40.56,22.43,665,0
1,79,22.41,730,0
1,70,22.41,660,0
1,49.5,22.4,680,1
0,45,22.4,665,1
0,46,22.36,665,0
1,80,22.34,660,1
1,62,22.34,660,0
0,95,22.33,725,1
1,54,22.33,685,0
1,34,22.31,690,1
1,67.2,22.3,670,1
1,50,22.3,700,1
0,24,22.3,670,1
0,47.2,22.27,685,1
0,85,22.26,715,0
1,60,22.25,780,0
1,229,22.23,670,1
0,57,22.21,660,0
0,150,22.2,715,0
1,93,22.2,730,1
0,78,22.18,695,1
0,52,22.16,675,1
1,102,22.14,695,0
0,82,22.14,725,0
1,90,22.13,735,0
1,45,22.13,685,0
1,180,22.12,730,1
1,111.5,22.12,725,1
1,28,22.12,775,1
1,102,22.11,690,0
0,60,22.11,685,1
0,160,22.09,665,1
0,40,22.08,695,1
1,50,22.03,720,0
0,45,22.03,695,1
1,42,22.03,695,1
1,85,22.02,680,0
0,57.2,22.02,670,1
1,84.45,22.01,690,0
1,120,21.99,715,1
1,130,21.93,690,0
1,130,21.93,670,1
1,73,21.93,680,1
0,70,21.93,665,0
0,32.7808,21.93,705,1
0,32,21.91,660,1
0,72,21.88,730,1
0,45,21.87,660,1
1,125,21.86,695,0
1,75,21.85,695,1
0,68.531,21.84,690,0
1,48,21.83,690,0
1,56,21.82,680,0
0,53,21.81,660,0
1,49.8,21.81,690,1
0,106.002,21.79,665,1
1,59.987,21.79,670,0
0,40.26,21.79,675,1
0,90,21.77,685,1
0,32,21.76,685,1
0,44,21.75,705,1
1,62,21.74,660,0
1,120,21.71,680,0
0,55,21.71,680,0
0,35,21.71,710,1
0,72,21.7,670,0
1,110,21.69,755,1
1,118.5,21.68,710,1
0,60,21.68,710,0
0,72,21.65,685,0
1,45,21.65,720,0
0,30,21.64,675,0
0,45,21.63,670,1
1,115,21.61,695,1
1,23,21.61,675,1
1,92,21.6,700,1
0,55,21.6,680,1
1,106,21.58,720,1
1,53,21.55,730,1
0,55.1616,21.54,670,0
0,55,21.54,680,0
0,155,21.52,660,0
1,38.444,21.51,675,1
1,70,21.48,680,0
0,90,21.47,695,0
1,55,21.47,685,1
0,73,21.46,665,0
1,95,21.45,665,1
0,61,21.45,675,0
0,56,21.45,715,0
0,135,21.44,680,1
0,75,21.44,665,0
1,56,21.43,725,1
1,35,21.43,680,0
0,63,21.41,685,1
1,90,21.39,710,1
1,32.043,21.39,680,0
0,72.5,21.34,685,1
1,70,21.31,670,0
1,113.875,21.3,710,1
0,80.734,21.3,685,1
1,42,21.3,675,1
0,40,21.3,660,0
0,98,21.28,685,1
1,36,21.27,680,0
1,45.828,21.26,705,0
1,86,21.23,705,1
0,78,21.23,685,1
1,35,21.23,745,0
0,75,21.22,660,1
1,47.5,21.22,675,1
0,105,21.19,695,1
0,72,21.19,675,0
0,32,21.19,700,1
0,75,21.15,665,1
0,74,21.15,675,1
1,58,21.15,725,0
0,36,21.15,675,0
0,27,21.12,700,0
1,96.5,21.09,705,1
0,70,21.09,715,1
0,42.9,21.09,670,1
0,102.258,21.07,665,1
1,37,21.05,685,1
0,52,21.04,665,1
1,85,21.02,710,1
1,84,21.01,680,1
1,42,21.01,685,1
1,52,21,705,0
1,128,20.98,685,1
1,60,20.96,670,1
1,48,20.95,665,0
1,63.5,20.94,695,0
1,47.5,20.94,695,1
0,178,20.93,675,1
0,70.72,20.93,675,1
0,45,20.93,660,0
1,125,20.9,700,0
0,65,20.9,670,0
0,65,20.9,750,1
0,64,20.87,670,1
1,130,20.83,690,0
1,140,20.82,720,1
0,65,20.81,715,1
1,50,20.81,665,0
0,40,20.79,680,1
1,75,20.78,660,1
1,66,20.78,725,1
1,48,20.78,730,1
1,21,20.77,685,1
1,50,20.74,665,0
1,62,20.73,665,0
0,40,20.73,665,0
0,52,20.68,665,1
0,30,20.68,770,1
0,36,20.67,740,1
1,70,20.66,670,0
1,42,20.66,675,1
1,136,20.63,670,1
0,50,20.62,700,1
0,29,20.61,675,0
1,54,20.56,665,1
0,40,20.55,710,1
0,70.439,20.53,715,1
1,75,20.52,685,0
0,34.3824,20.52,735,0
1,69.5,20.5,680,0
0,125,20.46,680,1
1,85,20.46,705,1
1,60,20.46,725,1
0,40,20.46,700,0
0,99.102,20.45,700,1
0,26.88,20.45,705,1
1,45,20.43,715,0
1,45,20.43,705,1
1,85,20.42,680,1
1,90.65264,20.37,690,0
0,122.8,20.36,670,1
1,80,20.35,745,1
0,57,20.35,660,0
0,46,20.35,680,0
1,120,20.34,700,1
1,85,20.34,715,0
1,52,20.33,670,1
0,88,20.32,700,1
0,105,20.31,690,1
1,62,20.31,695,1
1,76,20.29,675,0
1,69.5,20.29,660,0
0,60,20.28,660,0
0,130,20.27,710,1
1,80,20.27,690,1
0,68,20.26,675,0
1,116,20.23,735,1
0,62,20.22,660,1
1,71.884,20.2,710,0
1,120,20.19,715,1
0,34,20.19,690,1
1,85,20.18,690,0
1,73,20.17,730,1
1,105,20.13,695,0
0,106,20.1,660,1
1,200,20.08,700,1
1,65,20.08,670,1
1,125,20.02,665,1
1,92,20.01,665,1
0,42,20,670,0
1,110,19.98,675,1
1,40,19.95,695,1
0,85,19.94,675,1
1,62.234,19.94,690,0
0,68,19.93,665,1
1,94,19.9,735,1
1,54.186,19.87,685,0
1,82,19.86,780,1
0,33.6,19.86,695,0
0,59.48,19.85,750,1
0,28,19.8,660,1
0,130,19.79,815,1
1,121,19.76,685,1
1,50,19.76,660,0
0,96,19.75,690,1
1,108,19.74,745,1
1,250,19.71,665,1
1,250,19.69,685,1
1,43,19.68,710,1
0,68.5,19.66,680,0
0,48,19.65,685,1
0,60,19.64,735,0
0,50,19.64,690,1
1,120,19.63,670,1
0,72,19.63,685,1
1,64,19.63,685,1
1,93.953,19.62,700,1
1,50,19.62,670,1
1,65,19.59,775,0
0,199,19.58,675,1
0,38,19.55,695,0
1,60,19.54,665,0
1,64,19.5,680,1
1,85,19.48,670,1
1,40,19.47,800,1
1,60,19.46,705,1
0,108,19.44,670,1
1,30.27,19.43,670,1
1,76.668,19.42,670,0
1,82,19.41,695,1
0,41,19.41,665,0
1,68,19.4,665,1
1,85,19.37,680,0
0,60,19.36,700,1
0,38,19.36,660,0
1,55,19.35,665,0
1,50,19.35,665,1
0,39,19.35,680,0
1,24,19.35,675,0
1,140,19.33,790,1
0,32.968,19.33,705,1
1,53,19.32,750,1
1,70,19.29,675,1
0,65,19.28,735,1
1,95,19.26,770,1
1,41,19.26,665,1
1,70,19.25,730,1
1,109.6,19.24,730,1
1,30,19.24,705,1
1,100,19.19,685,1
1,72,19.18,705,1
1,69.2,19.18,675,0
0,60,19.16,670,1
0,85,19.14,675,0
1,68,19.11,715,1
0,40,19.11,680,1
0,60,19.1,660,0
1,44.2,19.1,715,1
0,58,19.08,705,1
0,45,19.07,720,1
1,69,19.04,690,0
1,250,19.03,715,1
0,36,19.03,665,1
1,146.46,19.01,675,0
0,59.7726,19.01,665,1
1,126,18.99,690,0
1,90,18.99,660,0
1,86,18.99,675,0
1,90,18.96,735,1
1,84,18.96,715,0
1,68,18.93,665,0
1,82,18.91,690,0
1,101,18.9,660,0
1,36.523,18.9,680,1
1,96,18.88,680,1
1,150,18.86,665,0
0,48.984,18.86,665,1
0,35,18.86,660,0
0,115,18.85,745,1
0,109.5,18.85,680,0
0,60,18.85,695,0
0,40,18.85,660,0
0,42.5,18.84,700,1
1,99,18.83,780,1
1,85,18.83,715,1
1,42,18.83,700,0
0,35,18.83,675,1
0,31,18.82,665,1
0,66.8,18.81,695,1
1,34.32,18.81,720,1
0,140,18.79,710,1
1,104,18.77,710,0
1,102,18.76,665,1
1,75,18.75,705,0
1,50,18.74,685,1
1,101,18.73,660,1
1,87,18.73,730,1
1,80.5,18.71,665,0
0,52.8,18.7,670,1
1,110,18.69,675,0
1,40,18.69,665,1
0,76,18.66,670,1
0,80,18.65,695,0
0,80,18.64,705,0
0,37.353,18.64,715,1
0,50,18.63,670,0
1,100,18.58,770,1
1,98,18.58,690,1
1,77,18.58,755,1
1,49,18.58,720,1
0,52,18.56,660,1
1,140,18.54,710,1
1,60,18.54,675,0
1,40,18.54,670,1
0,99,18.51,660,0
1,100,18.49,685,1
1,100,18.48,750,1
1,55,18.48,675,1
1,45,18.48,730,1
0,28,18.47,660,1
0,79.645,18.46,695,0
1,56,18.43,730,1
0,38,18.41,715,0
1,40,18.39,675,1
1,77.343,18.38,665,0
1,85,18.37,785,1
1,59.844,18.37,670,1
0,26,18.37,670,0
1,105,18.35,670,1
1,65,18.35,695,1
0,25,18.34,665,1
1,77,18.33,755,1
0,43.2,18.33,680,1
0,75,18.3,670,1
1,30,18.28,700,1
0,130.8,18.26,690,1
1,60.135,18.25,710,1
1,53,18.25,725,1
0,141,18.23,675,0
0,48,18.23,660,0
0,72.132,18.22,685,1
1,78,18.21,690,0
0,70,18.19,685,1
0,73.572,18.15,705,0
0,42.38939,18.15,680,0
1,150,18.14,680,1
0,85,18.14,730,0
0,100,18.13,720,1
0,65,18.13,680,0
1,95,18.12,700,1
0,80,18.12,665,0
1,74,18.12,680,0
1,29,18.12,665,0
1,180,18.11,675,1
1,60,18.11,700,1
1,128,18.1,710,0
1,124,18.1,745,1
1,65,18.09,720,1
1,130,18.07,685,1
0,50,18.07,700,0
0,45,18.05,665,1
1,50,18.03,685,1
1,45,18.03,745,1
1,175,18.02,665,0
0,54,18,660,1
0,165,17.99,665,0
1,110,17.98,685,1
0,80,17.97,660,0
1,45,17.97,675,1
1,76.4,17.95,690,1
1,41,17.94,680,0
1,61.5,17.93,675,1
1,32,17.93,660,0
0,90,17.91,665,1
0,21,17.89,660,0
0,43.154,17.88,700,1
1,58,17.85,695,0
1,62,17.83,705,1
0,77,17.81,660,1
1,50,17.81,695,0
0,32,17.81,670,0
0,63,17.8,705,1
1,46,17.79,685,0
1,110,17.78,710,1
0,77,17.78,665,0
0,38,17.78,690,0
0,69,17.77,670,1
0,116,17.73,685,1
1,110,17.73,690,1
1,70,17.73,705,0
0,40,17.73,665,1
1,85,17.72,730,1
1,190,17.7,705,1
1,100,17.7,665,0
1,35,17.7,690,1
0,65,17.69,685,1
1,50,17.69,705,1
0,42,17.69,705,1
0,75,17.68,745,1
1,80,17.67,670,1
0,52,17.67,660,0
1,65,17.65,740,0
1,143.5,17.63,730,0
0,80,17.63,725,1
1,58,17.63,670,0
0,45,17.63,680,1
0,63,17.62,675,0
0,60,17.62,680,0
1,72,17.61,720,1
0,43,17.61,675,1
1,42.8,17.61,670,1
0,180,17.6,720,0
0,39,17.6,660,0
1,49,17.59,760,1
0,75,17.58,715,1
1,25,17.57,665,1
0,95,17.56,715,0
1,95,17.56,710,1
0,30,17.56,670,0
1,84,17.54,675,1
0,47,17.54,675,0
1,95,17.52,720,1
1,70,17.5,665,1
1,50,17.5,740,1
0,41.9,17.5,690,1
0,37.5,17.5,720,1
1,68,17.49,700,1
1,90,17.48,760,1
1,165,17.47,730,1
1,120,17.47,780,1
1,87.5,17.47,790,0
0,27,17.47,730,1
1,90,17.45,730,1
1,103,17.42,660,0
1,41,17.42,705,1
1,35,17.42,730,0
1,130,17.41,680,1
0,85,17.41,660,1
0,52,17.4,710,0
0,112.2,17.38,670,0
0,45,17.36,675,0
0,30,17.36,670,0
1,144,17.35,710,1
0,55,17.35,685,0
0,75,17.34,690,1
1,104,17.32,685,0
1,155,17.3,685,1
1,150,17.3,680,1
1,125,17.29,675,1
1,99,17.29,685,0
1,105,17.27,710,1
0,46,17.24,665,0
1,75,17.22,680,0
0,120,17.2,745,1
1,80,17.19,685,1
1,62,17.19,670,0
1,50,17.19,685,0
1,106.5,17.18,675,1
1,85,17.18,665,1
1,46,17.14,660,1
1,55,17.13,675,1
1,34,17.12,670,1
0,80,17.1,665,0
1,85,17.08,710,1
0,50,17.02,660,1
1,30,17,725,1
0,110,16.96,695,1
1,70,16.96,675,1
1,60,16.96,660,1
1,39,16.95,710,0
0,68.64,16.94,705,0
1,68,16.93,715,1
0,30,16.92,750,0
1,160,16.91,665,0
0,68,16.89,685,0
0,65,16.89,675,0
0,79,16.88,665,1
1,157,16.87,700,0
0,68,16.87,710,0
1,105,16.86,680,0
0,64.5,16.86,710,1
0,38.75,16.85,665,0
0,39.7,16.84,660,1
1,39.416,16.84,660,1
0,80,16.82,735,1
0,60,16.82,660,1
0,55,16.82,705,1
1,47.732,16.8,685,1
0,35,16.8,695,1
0,30,16.8,760,0
0,55.12,16.79,715,1
1,62,16.76,705,1
1,49.421,16.76,690,1
1,45,16.75,690,1
0,25,16.75,700,0
1,117,16.74,670,1
0,40,16.74,675,1
0,21,16.74,690,1
0,126,16.72,675,1
1,83,16.7,680,0
1,190,16.69,700,1
0,32.64,16.69,660,0
1,125,16.68,720,1
1,32,16.65,705,1
1,120,16.64,690,1
0,46,16.64,665,0
0,100,16.63,665,1
0,75,16.62,660,1
1,162.583,16.59,670,1
0,67,16.59,680,0
0,21.6,16.56,670,0
1,70,16.55,660,0
1,159,16.54,710,1
1,50,16.54,685,1
1,80,16.53,715,1
1,38.4,16.53,660,0
1,72,16.48,675,1
0,70,16.48,665,1
0,63,16.48,705,1
1,68,16.47,675,1
1,130,16.46,730,0
0,30,16.44,695,1
1,46,16.43,695,1
1,32,16.43,725,0
0,50,16.42,670,1
0,160,16.41,700,1
1,82,16.39,725,1
0,53,16.39,675,1
1,62,16.38,660,1
1,120,16.36,705,1
1,110,16.36,695,1
1,79,16.35,670,0
1,54,16.34,700,1
0,52,16.32,695,0
1,94.341,16.31,720,1
0,61.05,16.24,675,0
0,30,16.24,675,0
1,100,16.23,705,1
0,44.88,16.23,695,1
1,39,16.22,680,1
0,77,16.21,805,1
1,71,16.21,670,1
1,90,16.2,705,1
1,60,16.18,695,1
1,115,16.16,710,1
1,70,16.16,680,0
0,37,16.15,700,1
1,72,16.13,675,1
0,65,16.12,670,1
1,119.533,16.11,660,1
1,45,16.11,675,1
1,28,16.09,685,1
1,120,16.08,710,1
1,50,16.08,690,1
0,86,16.05,675,1
1,105.96,16.04,710,1
0,39,16.03,695,1
0,65,16.01,705,1
0,42,16,690,1
0,94,15.98,695,1
1,250,15.97,675,1
1,140,15.97,700,0
1,125,15.97,715,1
0,90,15.97,685,1
1,108,15.96,685,1
0,30,15.96,675,0
1,29,15.94,715,1
0,140,15.93,660,1
0,65,15.92,765,1
0,55,15.91,680,0
1,122.8,15.9,720,1
1,36,15.9,695,0
0,80,15.89,665,1
1,90,15.88,685,1
1,60,15.88,665,0
0,62,15.87,675,1
1,102,15.86,750,1
0,89.5,15.85,680,1
1,185,15.84,805,1
0,52,15.84,680,1
1,35,15.84,705,1
1,62,15.83,675,1
1,77,15.82,675,1
1,72,15.82,680,0
0,48,15.82,665,0
1,160.3,15.79,680,1
1,105,15.79,680,1
1,75,15.79,740,0
0,67.826,15.78,690,1
0,59,15.76,690,1
1,20.2592,15.76,710,0
0,75,15.73,750,1
1,85,15.72,805,1
1,70,15.72,765,1
1,42,15.69,665,1
0,40,15.69,670,0
1,96,15.66,785,1
0,45,15.65,685,0
1,116.723,15.64,785,1
1,38.246,15.63,770,1
1,75,15.6,720,1
1,56,15.58,660,1
1,66,15.56,670,1
1,33,15.56,720,1
1,111,15.54,750,1
0,54,15.53,720,1
1,40,15.51,680,1
0,110,15.5,725,1
0,70,15.5,660,1
0,53,15.48,660,0
0,48,15.48,670,0
1,38,15.48,690,0
1,80,15.47,715,0
0,36,15.47,695,0
1,95.172,15.43,660,0
0,76,15.43,695,1
1,80,15.42,700,0
0,85,15.39,685,1
1,54,15.38,665,1
0,32.004,15.37,705,0
1,70,15.36,720,1
0,160,15.35,725,1
0,43,15.35,660,0
0,33,15.35,705,1
0,32,15.35,690,0
1,150,15.33,725,1
1,120,15.33,715,1
1,70,15.33,720,1
1,200,15.32,685,1
0,85,15.32,685,0
1,165,15.31,685,1
0,30.5,15.31,665,1
1,70,15.29,665,1
1,85.008,15.28,715,0
1,85,15.28,690,1
1,63,15.28,690,1
0,35,15.26,745,0
0,50,15.24,710,1
0,35,15.23,740,1
0,45,15.22,680,0
0,30,15.16,660,1
1,109,15.14,720,1
1,55,15.14,665,1
0,175,15.12,720,1
1,95,15.12,675,0
1,70,15.12,660,1
0,70,15.07,690,1
1,70,15.07,675,1
1,188,15.06,705,1
1,87.257,15.06,695,0
0,50,15.05,680,1
0,174,15.02,685,1
0,75,15.02,665,0
1,85,15.01,785,1
1,64.667,15,670,1
1,50,15,700,1
1,58,14.98,665,0
1,48,14.98,675,0
1,135,14.97,675,1
1,91,14.97,755,1
0,38,14.97,680,1
1,143,14.96,670,0
0,125,14.96,685,1
1,82,14.96,675,0
0,60,14.96,660,1
1,88.88,14.95,680,1
0,69.85,14.95,660,0
0,35,14.95,740,1
1,110,14.94,680,1
1,42,14.94,690,1
1,50,14.93,690,0
0,65,14.92,670,0
0,51,14.92,675,0
0,40,14.91,670,1
1,90,14.89,675,1
0,34.95,14.87,660,1
1,113,14.86,675,0
0,65,14.84,665,0
1,58.6,14.82,675,1
0,50,14.81,695,1
1,49,14.79,670,1
0,25,14.79,760,0
1,90,14.77,765,1
0,65,14.75,725,1
0,61,14.75,685,1
1,38.4,14.75,665,1
0,95,14.74,680,1
0,110,14.72,715,0
1,61,14.72,695,1
1,162,14.71,665,1
1,90,14.71,660,1
1,84,14.7,665,1
0,48,14.7,675,1
0,34.611,14.7,685,1
1,72,14.68,725,1
1,48,14.65,665,0
1,26.886,14.64,660,0
0,31,14.63,675,0
0,65,14.62,705,1
0,47,14.62,735,1
1,85,14.61,740,1
0,23,14.61,670,1
1,47.5,14.6,660,1
0,28,14.57,745,0
1,90,14.56,665,0
0,52,14.56,675,1
0,50,14.56,700,1
1,79.164,14.54,735,0
1,31.2,14.54,675,0
1,105,14.53,695,1
0,20,14.53,660,1
1,180,14.52,670,1
1,165,14.52,725,1
0,95,14.51,720,1
1,90,14.51,665,0
0,52.3,14.46,675,0
0,50,14.45,665,1
0,49,14.45,675,1
0,92,14.43,665,1
1,50,14.43,660,1
0,115,14.42,670,1
1,83,14.42,715,1
1,55.56,14.41,710,1
0,23,14.41,670,0
1,140,14.38,710,1
1,56,14.38,670,1
1,65,14.33,680,1
0,85,14.32,670,1
1,46,14.27,660,0
1,200,14.26,735,1
1,32,14.25,685,1
1,95,14.22,680,1
1,49.2,14.22,695,1
1,40,14.22,785,1
1,55,14.2,660,0
0,75,14.19,670,1
1,50,14.19,665,1
1,30,14.16,680,1
0,110,14.15,775,1
1,125,14.13,695,1
1,106,14.13,715,1
1,180,14.12,715,1
0,88,14.12,665,1
0,85,14.12,675,0
1,82,14.12,675,1
0,52,14.12,670,1
1,70,14.08,725,1
0,22.92,14.08,675,0
1,108,14.07,700,0
1,87,14.07,680,0
1,58.1776,14.07,670,1
1,82,14.05,705,1
1,80,14.04,685,1
0,72,14.02,675,0
0,32,14,685,0
1,140,13.98,670,1
1,30.1,13.96,705,1
1,72.9,13.94,715,0
1,50,13.94,800,1
1,41,13.93,670,0
1,67.2,13.91,680,1
0,58,13.9,670,0
1,55,13.9,660,1
0,40,13.9,665,0
0,66,13.89,730,1
0,51.6,13.89,670,0
1,74,13.88,660,1
1,125,13.87,685,1
1,107,13.86,705,1
0,100.8,13.85,670,1
1,50,13.85,725,1
0,62,13.82,670,0
1,60,13.82,710,1
0,47.9,13.78,660,1
1,97,13.76,715,1
1,66,13.76,665,1
0,100,13.75,665,1
1,72,13.75,695,1
1,135.51306,13.74,680,1
0,32,13.73,700,1
0,25,13.73,670,0
1,139,13.72,670,0
1,54,13.71,705,0
1,50,13.71,720,1
0,50,13.71,695,1
0,65,13.7,725,1
1,160,13.69,660,1
0,85.7,13.69,670,1
0,134,13.68,665,1
0,50,13.66,680,1
1,48,13.65,675,0
1,45,13.64,685,1
1,40,13.64,680,1
1,30,13.64,720,0
1,175,13.63,720,0
1,92,13.63,690,1
0,84.329,13.63,660,1
1,31,13.63,745,0
0,60,13.62,710,0
0,46,13.62,665,1
1,97,13.61,700,0
1,46,13.61,720,1
1,70,13.6,670,1
1,60,13.6,670,0
1,86,13.59,745,1
0,80,13.58,705,0
1,104,13.57,730,0
0,66,13.56,665,1
1,30,13.56,680,1
1,75,13.55,680,1
1,48.7,13.55,785,0
1,150,13.54,680,1
1,120,13.54,705,0
1,55,13.53,695,0
1,74,13.51,660,0
0,55,13.51,695,1
0,52,13.51,710,0
0,150,13.5,660,1
1,60,13.5,750,1
0,60,13.5,675,1
0,92,13.48,700,1
0,70,13.47,760,1
1,44,13.46,755,1
0,38,13.46,715,1
1,250,13.45,725,1
1,115,13.45,660,1
0,60,13.44,660,0
1,45,13.44,720,0
1,84,13.43,710,0
1,67,13.42,665,1
1,48,13.4,675,1
1,187.2,13.39,725,1
0,25,13.39,660,0
1,92,13.38,685,0
0,25,13.35,660,0
1,71,13.34,660,0
1,60,13.33,670,1
1,53,13.32,700,1
0,34,13.31,680,0
1,76,13.28,710,0
0,51,13.27,690,1
1,130,13.25,720,1
1,90,13.25,680,1
0,50,13.25,665,0
1,115,13.23,775,1
0,80,13.22,720,0
0,64,13.22,670,1
0,45.76,13.22,705,1
1,103,13.19,660,1
0,60,13.16,660,1
1,106,13.15,685,1
1,135,13.14,705,1
1,35,13.14,695,0
1,50,13.13,720,1
1,59,13.1,675,0
0,78,13.08,675,0
0,31.2,13.08,670,1
1,120,13.06,700,1
1,60,13.06,665,0
1,80,13.05,790,1
0,24,13.05,680,1
0,56,13.03,730,1
1,50,13.03,740,1
0,50,13.03,665,1
0,85.987,13,660,0
0,102,12.99,730,0
1,125,12.98,665,0
1,90,12.96,665,1
1,65,12.95,725,1
1,70,12.94,725,1
1,200,12.91,700,0
0,50,12.91,675,1
1,80,12.9,680,0
1,62,12.89,710,1
1,110,12.87,690,1
1,85,12.86,675,1
1,125,12.85,695,1
1,40.432,12.85,695,1
0,140,12.83,735,1
0,190,12.82,700,1
0,61,12.75,665,1
0,65,12.7,685,1
1,55,12.7,670,1
1,103,12.69,695,1
1,174,12.67,705,1
1,130,12.67,675,0
0,90,12.67,730,1
0,23.04,12.66,710,0
1,66,12.64,690,0
0,114,12.61,700,1
0,175,12.6,670,0
1,70,12.6,675,1
1,50,12.58,680,1
0,42,12.57,680,0
0,34,12.57,670,1
0,120,12.54,665,1
1,100,12.54,755,1
0,95,12.54,705,1
0,120,12.52,700,1
1,130,12.51,685,1
0,26,12.51,705,1
1,108,12.48,680,1
0,40,12.48,680,0
0,45,12.47,720,1
1,28.212,12.46,700,0
0,88,12.45,665,1
0,75,12.45,680,1
1,30,12.44,780,1
0,87,12.42,720,0
1,110,12.39,715,1
0,70,12.39,755,1
0,48,12.38,675,0
1,97,12.37,700,0
1,93,12.37,700,1
0,130,12.36,705,1
0,23,12.32,665,1
0,156,12.29,670,0
1,75,12.29,705,0
0,40,12.29,735,0
0,48.5,12.27,675,1
0,45,12.24,730,1
0,39.928,12.23,660,1
0,31,12.23,675,1
1,95,12.2,685,0
1,143,12.19,765,1
1,111,12.19,695,1
1,25.64,12.17,665,0
1,69,12.15,690,1
0,50,12.15,710,0
1,43,12.14,665,0
1,125,12.11,695,1
1,100,12.1,715,0
1,47,12.1,660,0
1,130,12.09,680,0
1,65,12.09,685,1
0,65,12.08,705,0
1,60,12.02,700,0
0,62.24,12,710,0
1,110,11.99,715,1
1,82,11.97,695,0
0,70,11.97,675,1
0,40,11.97,680,1
1,48.9,11.95,685,1
1,48,11.95,715,1
1,112,11.93,685,1
1,55,11.91,660,1
1,61,11.89,700,1
1,52,11.89,665,1
1,49,11.89,665,1
1,68,11.86,680,1
1,70,11.85,690,1
0,54,11.85,690,0
1,35,11.84,685,1
1,177,11.83,680,1
0,20,11.82,660,0
0,155,11.8,685,1
0,48,11.8,715,0
0,40,11.79,665,1
0,92,11.78,695,1
0,55,11.78,680,0
1,58,11.77,670,0
1,140,11.75,695,1
0,50,11.72,665,1
1,104,11.69,670,1
1,91,11.67,720,1
1,64.8,11.67,720,1
0,175,11.66,680,1
0,90,11.63,670,0
1,64.4,11.58,670,1
1,91,11.57,660,1
0,75,11.57,695,0
1,240,11.55,705,1
0,210,11.55,690,1
1,145,11.55,675,1
0,88,11.55,675,1
1,70,11.54,685,1
1,90,11.53,715,1
1,45,11.52,810,1
0,30,11.52,660,0
1,70,11.49,690,1
1,135,11.48,685,1
1,110,11.44,720,1
1,70,11.43,775,1
0,100,11.4,660,1
1,150,11.39,720,1
1,100,11.39,705,1
1,45,11.36,665,0
0,84,11.34,680,0
1,40,11.31,700,0
1,33,11.31,705,1
1,150,11.3,685,1
1,96,11.3,690,1
1,120,11.28,725,0
0,49,11.27,750,1
0,42,11.26,665,0
1,66,11.24,720,1
0,55,11.24,675,1
1,90,11.23,740,1
0,77,11.19,660,0
1,83,11.16,705,0
1,65,11.15,675,1
1,43,11.13,745,1
0,41.004,11.12,675,0
0,75,11.11,695,1
0,67,11.08,670,0
0,150,11.06,670,0
0,97.8,11.06,690,1
1,70,11.06,725,1
0,47.463,11.05,670,0
0,29,11.05,690,1
0,90,11.04,680,1
0,60,11.03,680,0
1,150,11.02,730,1
0,100,11.02,725,1
0,82,11.02,710,1
0,200,10.99,755,1
1,25,10.95,685,0
1,200,10.94,775,1
1,120,10.94,685,1
1,60,10.9,660,0
1,125,10.87,685,1
0,250,10.86,680,1
0,60,10.86,675,1
1,77,10.85,750,1
0,46.56,10.85,700,0
1,140,10.84,705,1
1,155,10.81,710,1
1,75,10.8,660,0
0,43.6,10.8,740,0
0,38,10.8,690,1
0,90,10.79,670,0
1,117,10.78,670,1
1,218,10.76,700,0
1,150,10.76,730,1
1,65,10.73,680,1
1,50,10.73,670,1
0,70,10.71,705,1
1,100.1,10.69,680,1
0,56,10.67,685,1
0,150,10.66,690,1
0,100,10.66,690,1
1,52,10.66,690,0
0,80,10.64,730,1
0,60,10.64,675,1
1,65,10.62,705,0
0,21.5,10.61,665,0
1,92,10.59,745,1
0,78,10.58,705,1
1,32,10.58,685,0
0,20,10.56,705,1
1,48,10.55,730,0
1,28,10.54,755,1
0,110,10.48,660,1
1,240.72,10.47,720,0
1,160,10.47,710,1
0,85,10.47,680,1
0,65,10.47,670,0
0,90,10.43,695,1
0,36,10.43,660,1
1,122,10.42,670,1
1,126.267,10.41,665,1
0,50.688,10.41,660,1
0,144,10.4,680,0
1,50,10.39,780,1
0,51,10.38,665,0
0,94.75,10.37,685,1
1,65,10.36,680,1
1,60,10.36,705,1
1,85,10.35,665,1
0,20,10.35,660,1
1,104,10.34,775,1
0,50,10.32,680,1
0,195,10.3,690,0
1,91,10.3,660,0
1,110,10.29,665,1
1,90,10.28,790,1
0,82.5,10.25,660,1
0,225,10.24,675,1
0,200,10.24,680,1
0,71,10.24,695,0
0,32,10.24,675,0
1,120,10.23,660,1
1,30,10.2,670,0
1,110,10.19,680,1
0,69.6,10.17,680,1
0,63,10.17,685,0
1,100,10.11,680,0
1,90,10.11,680,1
0,40,10.11,705,1
1,80,10.08,680,1
1,38,10.08,705,1
1,115,10.07,675,0
0,45,10.05,680,1
1,162.048,10.03,675,0
0,131.723,10,690,1
0,73.8,10,660,1
1,60,9.98,665,1
0,30,9.96,660,1
1,68,9.95,700,1
1,130,9.94,715,0
1,80,9.92,660,1
0,60,9.92,665,0
1,115,9.9,715,1
1,82,9.87,705,1
1,60,9.87,690,0
0,48.5,9.87,670,1
0,120,9.85,665,1
1,95,9.84,730,1
0,40,9.84,665,1
0,54,9.8,665,1
0,60,9.76,680,1
1,78,9.72,705,1
1,60,9.72,680,0
0,50,9.72,725,0
0,23,9.71,680,1
1,150,9.66,690,1
1,90,9.65,675,0
1,75,9.63,695,1
1,109,9.59,675,1
0,100,9.59,670,1
0,85,9.54,685,0
1,75,9.54,675,0
1,125,9.52,715,1
0,155,9.5,710,1
0,85,9.49,665,1
0,40,9.48,725,0
1,52,9.46,665,0
1,43,9.46,660,0
1,160,9.45,675,1
1,110,9.45,675,1
1,83.2,9.45,730,0
0,85,9.43,765,1
1,95,9.39,700,1
0,65,9.38,700,0
1,40,9.38,670,0
0,250,9.37,670,1
0,90,9.36,680,1
1,190,9.35,720,1
1,85,9.35,690,1
0,62.1,9.35,665,1
1,70.4,9.33,725,1
0,40,9.33,690,1
0,32.1408,9.3,715,0
0,30,9.28,730,0
1,40,9.27,660,1
0,80,9.26,695,1
1,32,9.26,660,0
1,60,9.24,680,1
0,60,9.24,695,1
1,57,9.24,685,1
1,150,9.23,665,1
1,220,9.22,745,1
1,135,9.22,665,0
0,60,9.22,720,1
0,85,9.21,685,1
0,195,9.18,675,1
1,41,9.17,700,0
0,45,9.12,670,1
0,30,9.12,705,1
0,25,9.12,660,1
1,220,9.09,725,1
1,88,9.07,705,1
1,120,9.05,690,1
0,60,9.02,680,1
1,31.717,9,745,1
1,26,8.96,660,0
0,36,8.93,675,0
0,45,8.92,695,0
0,90,8.91,725,1
0,39,8.86,675,1
1,170,8.85,735,1
0,160,8.84,695,0
0,175,8.83,680,0
1,140,8.8,660,0
1,131,8.77,695,1
0,80,8.76,670,1
0,85,8.75,735,1
1,120,8.74,690,1
0,100,8.74,700,1
1,130,8.72,700,1
1,125,8.7,705,1
1,90,8.69,735,0
0,250,8.68,660,0
1,120,8.67,705,1
1,42.082,8.67,740,0
1,105,8.66,685,1
0,100,8.66,735,1
0,128,8.65,680,1
1,84,8.64,720,1
1,50,8.6,795,1
0,60,8.58,680,1
1,101,8.56,660,1
0,41,8.52,680,0
1,81.117,8.51,670,0
0,75,8.44,660,1
1,62.08307,8.43,690,0
1,49,8.4,670,1
0,125,8.38,665,0
0,45,8.37,670,1
0,85,8.34,670,1
1,72,8.33,695,1
1,95,8.29,810,1
1,182,8.27,685,1
0,80,8.24,705,1
1,45.7,8.22,665,1
0,60,8.2,665,0
0,95,8.19,750,1
1,89,8.12,675,0
0,120,8.1,660,1
1,70,8.06,660,1
1,21,8.06,710,0
1,105,8.05,680,1
0,63.544,8.03,665,1
1,160,8.01,720,1
1,125,8.01,715,1
1,60,7.98,705,1
1,86,7.97,750,1
1,60,7.9,680,1
1,46.176,7.9,675,0
0,86.8,7.88,725,1
1,144,7.81,675,1
1,48,7.79,660,0
1,100,7.75,725,1
1,102,7.74,695,1
1,38,7.71,675,1
0,30,7.68,675,1
0,225,7.66,660,1
0,53,7.65,700,0
1,200,7.64,700,0
1,96,7.63,720,1
1,194,7.58,660,1
1,70,7.56,700,1
1,30,7.56,665,1
1,20,7.56,660,0
1,50,7.54,665,1
0,32,7.54,665,1
0,80,7.52,670,1
1,180,7.47,765,1
1,48,7.45,660,0
0,54,7.42,705,1
1,23,7.41,680,1
0,74,7.4,725,1
1,55,7.4,735,1
1,52,7.36,685,1
0,45,7.36,690,0
0,98,7.33,665,1
1,65,7.33,675,0
0,106,7.26,670,0
0,100,7.26,665,1
1,21,7.26,660,1
0,100,7.25,660,1
1,72,7.22,700,0
0,58,7.22,660,0
0,52,7.2,705,1
0,40,7.2,690,1
0,195,7.11,680,1
1,250,7.1,675,0
1,94,7.09,690,1
0,125,7.05,695,1
1,48,7.05,685,1
1,150,7.03,715,1
0,118,7.03,665,0
1,179.5,7.02,740,1
1,91.8,6.98,695,1
1,38,6.92,700,0
0,28.263,6.92,670,0
1,108,6.91,660,1
1,90,6.89,660,1
0,90,6.88,735,0
0,140,6.87,680,0
0,47,6.87,695,0
1,165,6.86,725,1
0,28.8,6.85,760,1
0,53,6.84,660,1
1,55.46,6.82,695,0
0,20,6.78,685,1
1,250,6.77,735,1
1,120,6.76,675,0
1,80,6.72,660,1
1,85,6.71,675,1
1,51,6.71,660,0
0,91,6.7,660,0
1,60,6.7,660,1
1,38,6.7,675,1
0,150,6.66,705,1
1,45,6.64,670,1
1,105,6.63,660,1
1,60,6.61,660,0
1,114,6.57,695,1
0,135,6.56,690,1
0,80,6.47,685,1
0,150,6.46,665,1
0,102,6.44,665,1
0,96,6.44,695,1
1,71.8,6.38,660,0
0,28.8,6.38,705,0
1,140,6.3,755,1
1,110,6.27,710,0
1,60,6.26,755,1
0,41.6,6.26,715,1
1,39,6.25,715,1
0,65,6.21,680,1
0,45,6.21,675,1
1,130.4,6.15,665,1
1,89,6.14,730,0
1,67,6.05,660,1
0,39.5,6.05,670,1
0,65,6.04,660,1
1,26.94937,6.01,710,0
1,93,6,775,1
0,35,6,685,1
1,60.78,5.96,780,0
1,66.6,5.95,735,1
1,170,5.94,710,0
1,125,5.94,665,1
1,55,5.93,680,1
0,31.241,5.92,670,1
1,40,5.91,750,1
0,70,5.9,680,1
1,130,5.88,665,1
0,220,5.83,755,1
1,65,5.83,685,1
1,26,5.82,745,1
1,100,5.8,660,1
1,100,5.76,690,1
1,98,5.76,660,1
0,62,5.75,710,0
1,54.72,5.66,665,0
0,48,5.65,660,1
1,130,5.58,695,1
1,80,5.57,740,1
1,225,5.56,715,1
1,83,5.52,660,0
0,50,5.52,705,1
0,40,5.46,680,1
0,96,5.43,700,1
1,131,5.42,680,1
0,62,5.4,675,1
1,88,5.32,660,1
1,65,5.28,715,1
0,45,5.24,700,0
1,50,5.23,675,1
1,130,5.22,730,1
1,85,5.21,695,0
0,35,5.21,670,1
1,105,5.18,680,0
1,115,5.15,710,1
1,180,5.09,660,1
0,48,4.85,670,0
1,35,4.84,710,0
1,109,4.83,690,0
0,45,4.8,665,1
1,40,4.8,705,1
1,80,4.76,690,1
0,140,4.74,660,1
1,75,4.72,715,1
1,58,4.7,765,1
0,85,4.69,670,1
0,56,4.65,680,1
0,75,4.62,700,0
1,145,4.61,670,1
1,75,4.59,715,1
1,110,4.55,680,1
0,210,4.53,720,1
1,158.7,4.53,805,1
0,55,4.53,685,0
0,42,4.51,675,1
0,120,4.5,690,0
1,90,4.49,660,1
1,38,4.49,695,1
1,150,4.48,670,1
1,75,4.43,720,1
0,60,4.43,685,1
0,36,4.4,660,1
0,120,4.38,800,0
1,100,4.37,755,0
1,35,4.36,660,1
1,250,4.34,705,0
0,150,4.33,690,1
0,55.64,4.31,660,1
0,31.2,4.18,730,1
1,150,4.16,665,1
0,88,4.14,675,1
0,45,4.11,685,0
0,35,4.1,710,1
0,78,4.09,665,1
1,55,4.08,665,0
0,80,4.01,665,1
1,150,3.84,670,1
1,35,3.84,700,0
1,50,3.82,715,1
0,31.47121,3.81,665,0
0,42,3.77,670,0
1,70,3.72,670,0
1,50,3.7,695,0
1,54,3.69,660,0
1,78,3.63,715,0
0,70,3.63,660,1
1,92,3.59,675,0
1,55,3.56,755,1
0,96.765,3.52,820,1
0,75,3.52,715,0
1,90.25,3.51,665,1
1,52,3.51,675,1
1,35,3.5,715,1
0,119.4,3.45,675,0
0,45,3.44,675,1
1,120,3.37,845,1
1,100,3.37,720,0
1,150,3.3,675,1
1,46.5,3.23,660,1
1,186,3.18,680,1
0,45,3.17,685,1
1,65,3.08,665,0
1,45,3.04,690,1
0,30,3.04,710,1
0,45,2.99,675,1
1,150,2.95,710,1
0,180,2.93,660,1
0,70,2.88,685,1
1,43,2.85,715,1
0,110,2.82,665,0
0,61.373,2.74,660,1
0,95,2.73,695,0
1,54,2.69,700,0
0,94,2.68,690,1
0,60,2.66,660,1
0,23,2.61,740,1
0,138,2.59,660,1
1,148,2.56,675,1
1,81,2.52,730,1
1,80,2.46,680,1
0,86,2.44,660,1
0,42,2.4,715,0
1,59.1,2.23,670,0
1,99.6,2.22,805,1
1,150,2.2,665,1
0,50,2.19,710,0
1,180,2.16,725,0
1,98,2.12,680,1
1,118,2.08,745,1
1,30,2.08,845,1
0,150,2.07,755,0
1,40,2.04,690,1
1,90,2.03,795,1
1,145,2.01,705,0
1,77,2,670,1
0,55,1.94,720,1
0,59,1.93,695,1
0,75,1.76,685,0
0,21.6,1.67,695,0
1,65,1.48,715,1
0,55,1.31,730,1
1,137,1.24,705,1
1,60,1.08,765,0
1,65,1.07,695,0
0,94,0.74,680,1
