price,LSTAT,LSTAT2,LSTAT3,LSTAT4,LSTAT5,LSTAT6,LSTAT7,LSTAT8,LSTAT9,LSTAT10
24,4.98,24.8004,123.505992,615.0598402,3062.998004,15253.73006,75963.5757,378298.607,1883927.063,9381956.772
21.6,9.14,83.5396,763.551944,6978.864768,63786.82398,583011.5712,5328725.761,48704553.45,445159618.6,4068758914
34.7,4.03,16.2409,65.450827,263.7668328,1062.980336,4283.810755,17263.75734,69572.94209,280378.9566,1129927.195
33.4,2.94,8.6436,25.412184,74.71182096,219.6527536,645.7790956,1898.590541,5581.856191,16410.6572,48247.33217
36.2,5.33,28.4089,151.419437,807.0655992,4301.659644,22927.8459,122205.4187,651354.8814,3471721.518,18504275.69
28.7,5.21,27.1441,141.420761,736.8021648,3838.739279,19999.83164,104199.1229,542877.4301,2828391.411,14735919.25
22.9,12.43,154.5049,1920.495907,23871.76412,296726.0281,3688304.529,45845625.29,569861122.4,7083373751,88046335729
27.1,19.15,366.7225,7022.735875,134485.392,2575395.257,49318819.17,944455387.1,18086320663,3.46353E+11,6.63266E+12
16.5,29.93,895.8049,26811.44066,802466.4189,24017819.92,718853350.1,21515280769,6.43952E+11,1.92735E+13,5.76856E+14
18.9,17.1,292.41,5000.211,85503.6081,1462111.699,25002110.04,427536081.8,7310866998,1.25016E+11,2.13777E+12
15,20.45,418.2025,8552.241125,174893.331,3576568.619,73140828.26,1495729938,30587677230,6.25518E+11,1.27918E+13
18.9,13.27,176.0929,2336.752783,31008.70943,411485.5741,5460413.569,72459688.06,961540060.5,12759636603,1.6932E+11
21.7,15.71,246.8041,3877.292411,60912.26378,956931.6639,15033396.44,236174658.1,3710303878,58288873930,9.15718E+11
20.4,8.26,68.2276,563.559976,4655.005402,38450.34462,317599.8465,2623374.732,21669075.29,178986561.9,1478429001
18.2,10.26,105.2676,1080.045576,11081.26761,113693.8057,1166498.446,11968274.06,122794491.8,1259871486,12926281449
19.9,8.47,71.7409,607.645423,5146.756733,43593.02953,369232.9601,3127403.172,26489104.87,224362718.2,1900352223
23.1,6.58,43.2964,284.890312,1874.578253,12334.7249,81162.48987,534049.1834,3514043.626,23122407.06,152145438.5
17.5,14.67,215.2089,3157.114563,46314.87064,679439.1523,9967372.364,146221352.6,2145067242,31468136445,4.61638E+11
20.2,11.69,136.6561,1597.509809,18674.88967,218309.4602,2552037.59,29833319.43,348751504.1,4076905083,47659020417
18.2,11.28,127.2384,1435.249152,16189.61043,182618.8057,2059940.128,23236124.65,262103486,2956527322,33349628196
13.6,21.02,441.8404,9287.485208,195222.9391,4103586.179,86257381.49,1813130159,38111995940,8.01114E+11,1.68394E+13
19.6,13.83,191.2689,2645.248887,36583.79211,505953.8448,6997341.674,96773235.35,1338373845,18509710276,2.55989E+11
15.2,18.72,350.4384,6560.206848,122807.0722,2298948.391,43036313.89,805639796,15081576981,2.82327E+11,5.28516E+12
14.5,19.88,395.2144,7856.862272,156194.422,3105145.109,61730284.76,1227198061,24396697454,4.85006E+11,9.64193E+12
15.6,16.3,265.69,4330.747,70591.1761,1150636.17,18755369.58,305712524.1,4983114143,81224760534,1.32396E+12
13.9,16.51,272.5801,4500.297451,74299.91092,1226691.529,20252677.15,334371699.7,5520476762,91143071343,1.50477E+12
16.6,14.81,219.3361,3248.367641,48108.32476,712484.2897,10551892.33,156273525.4,2314410912,34276425600,5.07634E+11
14.8,17.28,298.5984,5159.780352,89161.00448,1540702.157,26623333.28,460051199.1,7949684720,1.37371E+11,2.37376E+12
18.4,12.8,163.84,2097.152,26843.5456,343597.3837,4398046.511,56294995.34,720575940.4,9223372037,1.18059E+11
21,11.98,143.5204,1719.374392,20598.10522,246765.3005,2956248.3,35415854.63,424281938.5,5082897623,60893113526
12.7,22.6,510.76,11543.176,260875.7776,5895792.574,133244912.2,3011335015,68056171338,1.53807E+12,3.47604E+13
14.5,13.04,170.0416,2217.342464,28914.14573,377040.4603,4916607.603,64112563.14,836027823.3,10901802816,1.4216E+11
13.2,27.71,767.8441,21276.96001,589584.5619,16337388.21,452709027.3,12544567147,3.4761E+11,9.63227E+12,2.6691E+14
13.1,18.35,336.7225,6178.857875,113382.042,2080560.471,38178284.64,700571523.1,12855487450,2.35898E+11,4.32873E+12
13.5,20.34,413.7156,8414.975304,171160.5977,3481406.557,70811809.37,1440312203,29295950199,5.9588E+11,1.21202E+13
18.9,9.68,93.7024,907.039232,8780.139766,84991.75293,822720.1684,7963931.23,77090854.31,746239469.7,7223598067
20,11.41,130.1881,1485.446221,16948.94138,193387.4212,2206550.475,25176740.93,287266614,3277712065,37398694665
21,8.77,76.9129,674.526133,5915.594186,51879.76101,454985.5041,3990222.871,34994254.58,306899612.7,2691509603
24.7,10.13,102.6169,1039.509197,10530.22817,106671.2113,1080579.371,10946269.02,110885705.2,1123272194,11378747324
30.8,4.32,18.6624,80.621568,348.2851738,1504.591951,6499.837227,28079.29682,121302.5623,524027.069,2263796.938
34.9,1.98,3.9204,7.762392,15.36953616,30.4316816,60.25472956,119.3043645,236.2226418,467.7208307,926.0872448
26.6,4.84,23.4256,113.379904,548.7587354,2655.992279,12855.00263,62218.21273,301136.1496,1457498.964,7054294.987
25.3,5.81,33.7561,196.122941,1139.474287,6620.345609,38464.20799,223477.0484,1298401.651,7543713.594,43828975.98
24.7,7.44,55.3536,411.830784,3064.021033,22796.31649,169604.5947,1261858.184,9388224.89,69848393.18,519672045.3
21.2,9.55,91.2025,870.983875,8317.896006,79435.90686,758612.9105,7244753.295,69187393.97,660739612.4,6310063299
19.3,10.21,104.2441,1064.332261,10866.83238,110950.3586,1132803.162,11565920.28,118088046.1,1205678950,12309982084
20,14.15,200.2225,2833.148375,40089.04951,567260.0505,8026729.715,113578225.5,1607131890,22740916248,3.21784E+11
16.6,18.8,353.44,6644.672,124919.8336,2348492.872,44151665.99,830051320.6,15604964827,2.93373E+11,5.51542E+12
14.4,30.81,949.2561,29246.58044,901087.1434,27762494.89,855362467.5,26353717623,8.11958E+11,2.50164E+13,7.70756E+14
19.4,16.2,262.44,4251.528,68874.7536,1115771.008,18075490.33,292822943.4,4743731683,76848453272,1.24494E+12
19.7,13.45,180.9025,2433.138625,32725.71451,440160.8601,5920163.568,79626200,1070972390,14404578645,1.93742E+11
20.5,9.43,88.9249,838.561807,7907.63784,74569.02483,703185.9042,6631043.076,62530736.21,589664842.4,5560539464
25,5.28,27.8784,147.197952,777.2051866,4103.643385,21667.23707,114403.0117,604047.902,3189372.923,16839889.03
23.4,8.43,71.0649,599.077107,5050.220012,42573.3547,358893.3801,3025471.195,25504722.17,215004807.9,1812490531
18.9,14.8,219.04,3241.792,47978.5216,710082.1197,10509215.37,155536387.5,2301938535,34068690317,5.04217E+11
35.4,4.81,23.1361,111.284641,535.2791232,2574.692583,12384.27132,59568.34506,286523.7397,1378179.188,6629041.895
24.7,5.77,33.2929,192.100033,1108.41719,6395.567189,36902.42268,212926.9789,1228588.668,7088956.614,40903279.66
31.6,3.95,15.6025,61.629875,243.4380063,961.5801247,3798.241493,15003.0539,59262.06289,234085.1484,924636.3362
23.3,6.86,47.0596,322.828856,2214.605952,15192.19683,104218.4703,714938.706,4904479.523,33644729.53,230802844.6
19.6,9.22,85.0084,783.777448,7226.428071,66627.66681,614307.088,5663911.351,52221262.66,481480041.7,4439245985
18.7,13.15,172.9225,2273.930875,29902.19101,393213.8117,5170761.624,67995515.36,894141027,11757954505,1.54617E+11
16,14.44,208.5136,3010.936384,43477.92138,627821.1848,9065737.908,130909255.4,1890329648,27296360116,3.94159E+11
22.2,6.73,45.2929,304.821217,2051.44679,13806.2369,92915.97433,625324.5073,4208433.934,28322760.38,190612177.3
25,9.5,90.25,857.375,8145.0625,77378.09375,735091.8906,6983372.961,66342043.13,630249409.7,5987369392
33,8.05,64.8025,521.660125,4199.364006,33804.88025,272129.286,2190640.752,17634658.06,141958997.4,1142769929
23.5,4.67,21.8089,101.847563,475.6281192,2221.183317,10372.92609,48441.56484,226222.1078,1056457.243,4933655.326
19.4,10.24,104.8576,1073.741824,10995.11628,112589.9907,1152921.505,11805916.21,120892582,1237940039,12676506002
22,8.1,65.61,531.441,4304.6721,34867.84401,282429.5365,2287679.245,18530201.89,150094635.3,1215766546
17.4,13.09,171.3481,2242.946629,29360.17137,384324.6433,5030809.581,65853297.41,862019663.1,11283837390,1.47705E+11
20.9,8.79,77.2641,679.151439,5969.741149,52474.0247,461246.6771,4054358.292,35637809.38,313256344.5,2753523268
24.2,6.72,45.1584,303.464448,2039.281091,13703.96893,92090.6712,618849.3105,4158667.366,27946244.7,187798764.4
21.7,9.88,97.6144,964.430272,9528.571087,94142.28234,930125.7495,9189642.406,90793666.97,897041429.6,8862769325
22.8,5.52,30.4704,168.196608,928.4452762,5125.017924,28290.09894,156161.3462,862010.6308,4758298.682,26265808.73
23.4,7.54,56.8516,428.661064,3232.104423,24370.06735,183750.3078,1385477.321,10446499,78766602.45,593900182.5
24.1,6.78,45.9684,311.665752,2113.093799,14326.77595,97135.54097,658578.9678,4465165.402,30273821.42,205256509.2
21.4,8.94,79.9236,714.516984,6387.781837,57106.76962,510534.5204,4564178.613,40803756.8,364785585.8,3261183137
20,11.97,143.2809,1715.072373,20529.4163,245737.1132,2941473.245,35209434.74,421456933.8,5044839498,60386728788
20.8,10.27,105.4729,1083.206683,11124.53263,114248.9502,1173336.718,12050168.09,123755226.3,1270966174,13052822612
21.2,12.34,152.2756,1879.080904,23187.85836,286138.1721,3530945.044,43571861.84,537676775.1,6634931405,81875053536
20.3,9.1,82.81,753.571,6857.4961,62403.21451,567869.252,5167610.194,47025252.76,427929800.1,3894161181
28,5.29,27.9841,148.035889,783.1098528,4142.651121,21914.62443,115928.3632,613261.0416,3244150.91,17161558.31
23.9,7.22,52.1284,376.367048,2717.370087,19619.41202,141652.1548,1022728.558,7384100.187,53313203.35,384921328.2
24.8,6.72,45.1584,303.464448,2039.281091,13703.96893,92090.6712,618849.3105,4158667.366,27946244.7,187798764.4
22.9,7.51,56.4001,423.564751,3180.97128,23889.09431,179407.0983,1347347.308,10118578.28,75990522.91,570688827.1
23.9,9.62,92.5444,890.277128,8564.465971,82390.16264,792593.3646,7624748.168,73350077.37,705627744.3,6788138901
26.6,6.53,42.6409,278.445077,1818.246353,11873.14868,77531.66091,506281.7457,3306019.8,21588309.29,140971659.7
22.5,12.86,165.3796,2126.781656,27350.4121,351726.2996,4523200.212,58168354.73,748045041.8,9619859238,1.23711E+11
22.2,8.44,71.2336,601.211584,5074.225769,42826.46549,361455.3687,3050683.312,25747767.15,217311154.8,1834106146
23.6,5.5,30.25,166.375,915.0625,5032.84375,27680.64063,152243.5234,837339.3789,4605366.584,25329516.21
28.7,5.7,32.49,185.193,1055.6001,6016.92057,34296.44725,195489.7493,1114291.571,6351461.955,36203333.15
22.6,8.81,77.6161,683.797841,6024.258979,53073.72161,467579.4874,4119375.284,36291696.25,319729844,2816819925
22,8.2,67.24,551.368,4521.2176,37073.98432,304006.6714,2492854.706,20441408.59,167619550.4,1374480313
22.9,8.16,66.5856,543.338496,4433.642127,36178.51976,295216.7212,2408968.445,19657182.51,160402609.3,1308885292
25,6.21,38.5641,239.483061,1487.189809,9235.448713,57352.13651,356156.7677,2211733.527,13734865.21,85293512.93
20.6,10.59,112.1481,1187.648379,12577.19633,133192.5092,1410508.672,14937286.84,158185867.6,1675188338,17740244500
28.4,6.65,44.2225,294.079625,1955.629506,13004.93622,86482.82584,575110.7918,3824486.766,25432836.99,169128366
21.4,11.34,128.5956,1458.274104,16536.82834,187527.6334,2126563.362,24115228.53,273466691.5,3101112282,35166613277
38.7,4.21,17.7241,74.618461,314.1437208,1322.545065,5567.914722,23440.92098,98686.27732,415469.2275,1749125.448
43.8,3.57,12.7449,45.499293,162.432476,579.8839394,2070.185663,7390.562819,26384.30926,94191.98407,336265.3831
33.2,6.19,38.3161,237.176659,1468.123519,9087.684584,56252.76757,348204.6313,2155386.668,13341843.47,82586011.1
27.5,9.42,88.7364,835.896888,7874.148685,74174.48061,698723.6074,6581976.381,62002217.51,584060889,5501853574
26.5,7.67,58.8289,451.217663,3460.839475,26544.63877,203597.3794,1561591.9,11977409.87,91866733.73,704617847.7
18.6,10.63,112.9969,1201.157047,12768.29941,135727.0227,1442778.252,15336732.81,163029469.8,1733003264,18421824698
19.3,13.44,180.6336,2427.715584,32628.49745,438527.0057,5893802.957,79212711.74,1064618846,14308477287,1.92306E+11
20.1,12.33,152.0289,1874.516337,23112.78644,284980.6567,3513811.498,43325295.77,534200896.8,6586697058,81213974719
19.5,16.47,271.2609,4467.667023,73582.47587,1211903.378,19960048.63,328742000.9,5414380755,89174851035,1.46871E+12
19.5,18.66,348.1956,6497.329896,121240.1759,2262341.682,42215295.78,787737419.2,14699180242,2.74287E+11,5.11819E+12
20.4,14.09,198.5281,2797.260929,39413.40649,555334.8974,7824668.705,110249582.1,1553416611,21887640051,3.08397E+11
19.8,12.27,150.5529,1847.284083,22666.1757,278113.9758,3412458.483,41870865.59,513755520.8,6303780240,77347383546
19.4,15.55,241.8025,3760.028875,58468.44901,909184.382,14137817.14,219843056.5,3418559529,53158600679,8.26616E+11
21.7,13,169,2197,28561,371293,4826809,62748517,815730721,10604499373,1.37858E+11
22.8,10.16,103.2256,1048.772096,10655.5245,108260.1289,1099922.909,11175216.76,113540202.3,1153568455,11720255504
18.8,16.21,262.7641,4259.406061,69044.97225,1119219,18142539.99,294090573.3,4767208193,77276444806,1.25265E+12
18.7,17.09,292.0681,4991.443829,85303.77504,1457841.515,24914511.5,425789001.5,7276734036,1.24359E+11,2.1253E+12
18.5,10.45,109.2025,1141.166125,11925.18601,124618.1938,1302260.125,13608618.3,142210061.3,1486095140,15529694217
18.3,15.76,248.3776,3914.430976,61691.43218,972256.9712,15322769.87,241486853.1,3805832805,59979925001,9.45284E+11
21.2,12.04,144.9616,1745.337664,21013.86547,253006.9403,3046203.561,36676290.88,441582542.2,5316653808,64012511847
19.2,10.3,106.09,1092.727,11255.0881,115927.4074,1194052.297,12298738.65,126677008.1,1304773184,13439163793
20.4,15.37,236.2369,3630.961153,55807.87292,857767.0068,13183878.89,202636218.6,3114518680,47870152112,7.35764E+11
19.3,13.61,185.2321,2521.008881,34310.93087,466971.7691,6355485.778,86498161.44,1177239977,16022236090,2.18063E+11
22,14.37,206.4969,2967.360453,42640.96971,612750.7347,8805228.058,126531127.2,1818252298,26128285519,3.75463E+11
20.3,14.27,203.6329,2905.841483,41466.35796,591724.9281,8443914.724,120494663.1,1719458843,24536677685,3.50138E+11
20.5,17.93,321.4849,5764.224257,103352.5409,1853111.059,33226281.28,595747223.4,10681747716,1.91524E+11,3.43402E+12
17.3,25.41,645.6681,16406.42642,416887.2954,10593106.18,269170827.9,6839630737,1.73795E+11,4.41613E+12,1.12214E+14
18.8,17.58,309.0564,5433.211512,95515.85838,1679168.79,29519787.33,518957861.3,9123279202,1.60387E+11,2.81961E+12
21.4,14.81,219.3361,3248.367641,48108.32476,712484.2897,10551892.33,156273525.4,2314410912,34276425600,5.07634E+11
15.7,27.26,743.1076,20257.11318,552208.9052,15053214.76,410350634.2,11186158289,3.04935E+11,8.31252E+12,2.26599E+14
16.2,17.19,295.4961,5079.577959,87317.94512,1500995.477,25802112.24,443538309.4,7624423539,1.31064E+11,2.25299E+12
18,15.39,236.8521,3645.153819,56098.91727,863362.3369,13287146.36,204489182.5,3147088519,48433692313,7.45395E+11
14.3,18.34,336.3556,6168.761704,113135.0897,2074897.544,38053620.96,697903408.4,12799548510,2.34744E+11,4.3052E+12
19.2,12.6,158.76,2000.376,25204.7376,317579.6938,4001504.141,50418952.18,635278797.5,8004512848,1.00857E+11
19.6,12.26,150.3076,1842.771176,22592.37462,276982.5128,3395805.607,41632576.74,510415390.9,6257692692,76719312405
23,11.12,123.6544,1375.036928,15290.41064,170029.3663,1890726.553,21024879.27,233796657.5,2599818832,28909985408
18.4,15.03,225.9009,3395.290527,51031.21662,766999.1858,11527997.76,173265806.4,2604185070,39140901599,5.88288E+11
15.6,17.31,299.6361,5186.700891,89781.79242,1554122.827,26901866.13,465671302.8,8060770251,1.39532E+11,2.4153E+12
18.1,16.96,287.6416,4878.401536,82737.69005,1403231.223,23798801.55,403627674.2,6845525355,1.161E+11,1.96906E+12
17.4,16.9,285.61,4826.809,81573.0721,1378584.918,23298085.12,393737638.6,6654166092,1.12455E+11,1.9005E+12
17.1,14.59,212.8681,3105.745579,45312.828,661114.1605,9645655.601,140730115.2,2053252381,29956952241,4.37072E+11
13.3,21.32,454.5424,9690.843968,206608.7934,4404899.475,93912456.81,2002213579,42687193509,9.10091E+11,1.94031E+13
17.8,18.46,340.7716,6290.643736,116125.2834,2143672.731,39572198.61,730502786.4,13485081437,2.48935E+11,4.59533E+12
14,24.16,583.7056,14102.3273,340712.2275,8231607.416,198875635.2,4804835346,1.16085E+11,2.80461E+12,6.77594E+13
14.4,34.41,1184.0481,40743.09512,1401969.903,48241784.37,1659999800,57120593119,1.96552E+12,6.76335E+13,2.32727E+15
13.4,26.82,719.3124,19291.95857,517410.3288,13876945.02,372179665.4,9981858626,2.67713E+11,7.18007E+12,1.9257E+14
15.6,26.42,698.0164,18441.59329,487226.8947,12872534.56,340092363,8985240230,2.3739E+11,6.27185E+12,1.65702E+14
11.8,29.29,857.9041,25128.01109,735999.4448,21557423.74,631416941.3,18494202210,5.41695E+11,1.58663E+13,4.64723E+14
13.8,27.8,772.84,21484.952,597281.6656,16604430.3,461603162.4,12832567916,3.56745E+11,9.91752E+12,2.75707E+14
15.6,16.65,277.2225,4615.754625,76852.31451,1279591.037,21305190.76,354731426.1,5906278245,98339532779,1.63735E+12
14.6,29.53,872.0209,25750.77718,760420.45,22455215.89,663102525.2,19581417570,5.78239E+11,1.70754E+13,5.04237E+14
17.8,28.32,802.0224,22713.27437,643239.9301,18216554.82,515892832.5,14610085017,4.13758E+11,1.17176E+13,3.31843E+14
15.4,21.45,460.1025,9869.198625,211694.3105,4540842.96,97401081.5,2089253198,44814481101,9.61271E+11,2.06193E+13
21.5,14.1,198.81,2803.221,39525.4161,557308.367,7858047.975,110798476.4,1562258518,22027845102,3.10593E+11
19.6,13.28,176.3584,2342.039552,31102.28525,413038.3481,5485149.263,72842782.21,967352147.8,12846436523,1.70601E+11
15.3,12.12,146.8944,1780.360128,21577.96475,261524.9328,3169682.185,38416548.09,465608562.8,5643175781,68395290469
19.4,15.79,249.3241,3936.827539,62162.50684,981545.983,15498611.07,244723068.8,3864177257,61015358884,9.63433E+11
17,15.12,228.6144,3456.649728,52264.54389,790239.9036,11948427.34,180660221.4,2731582548,41301528122,6.24479E+11
15.6,15.02,225.6004,3388.518008,50895.54048,764451.018,11482054.29,172460455.4,2590356041,38907147732,5.84385E+11
13.1,16.14,260.4996,4204.463544,67860.0416,1095261.071,17677513.69,285315071,4604985246,74324461870,1.1996E+12
41.3,4.59,21.0681,96.702579,443.8648376,2037.339605,9351.388785,42922.87452,197015.9941,904303.4128,4150752.665
24.3,6.43,41.3449,265.847707,1709.400756,10991.44686,70675.00332,454440.2713,2922050.945,18788787.57,120811904.1
23.3,7.39,54.6121,403.583419,2982.481466,22040.53804,162879.5761,1203680.067,8895195.697,65735496.2,485785317
27,5.5,30.25,166.375,915.0625,5032.84375,27680.64063,152243.5234,837339.3789,4605366.584,25329516.21
50,1.73,2.9929,5.177717,8.95745041,15.49638921,26.80875333,46.37914326,80.23591785,138.8081379,240.1380785
50,1.92,3.6864,7.077888,13.58954496,26.09192632,50.09649854,96.1852772,184.6757322,354.5774059,680.7886193
50,3.32,11.0224,36.594368,121.4933018,403.3577618,1339.147769,4445.970594,14760.62237,49005.26628,162697.484
22.7,11.64,135.4896,1577.098944,18357.43171,213680.5051,2487241.079,28951486.16,336995298.9,3922625279,45659358253
25,9.81,96.2361,944.076141,9261.386943,90854.20591,891279.76,8743454.446,85773288.11,841435956.4,8254486732
50,3.7,13.69,50.653,187.4161,693.43957,2565.726409,9493.187713,35124.79454,129961.7398,480858.4372
23.8,12.14,147.3796,1789.188344,21720.7465,263689.8625,3201194.93,38862506.45,471790828.4,5727540656,69532343566
23.8,11.1,123.21,1367.631,15180.7041,168505.8155,1870414.552,20761601.53,230453777,2558036924,28394209861
22.3,11.32,128.1424,1450.571968,16420.47468,185879.7734,2104159.034,23819080.27,269631988.6,3052234111,34551290141
17.4,14.43,208.2249,3004.685307,43357.60898,625650.2976,9028133.794,130275970.6,1879882256,27126700961,3.91438E+11
19.1,12.03,144.7209,1740.992427,20944.1389,251957.9909,3031054.631,36463587.21,438656954.1,5277043158,63482829193
23.1,14.69,215.7961,3170.044709,46567.95678,684083.285,10049183.46,147622505,2168574598,31856360848,4.6797E+11
23.6,9.04,81.7216,738.763264,6678.419907,60372.91596,545771.1602,4933771.289,44601292.45,403195683.7,3644888981
22.6,9.64,92.9296,895.841344,8635.910556,83250.17776,802531.7136,7736405.719,74578951.13,718941088.9,6930592097
29.4,5.33,28.4089,151.419437,807.0655992,4301.659644,22927.8459,122205.4187,651354.8814,3471721.518,18504275.69
23.2,10.11,102.2121,1033.364331,10447.31339,105622.3383,1067841.841,10795881.01,109146357,1103469669,11156078356
24.6,6.29,39.5641,248.858189,1565.318009,9845.850275,61930.39823,389542.2049,2450220.469,15411886.75,96940767.65
29.9,6.92,47.8864,331.373888,2293.107305,15868.30255,109808.6536,759875.8832,5258341.112,36387720.5,251803025.8
37.2,5.04,25.4016,128.024064,645.2412826,3252.016064,16390.16096,82606.41125,416336.3127,2098335.016,10575608.48
39.8,7.56,57.1536,432.081216,3266.533993,24694.99699,186694.1772,1411407.98,10670244.33,80667047.11,609842876.2
36.2,9.45,89.3025,843.908625,7974.936506,75363.14998,712181.7673,6730117.701,63599612.28,601016336,5679604376
37.9,4.82,23.2324,111.980168,539.7444098,2601.568055,12539.55803,60440.66968,291324.0279,1404181.814,6768156.345
32.5,5.68,32.2624,183.250432,1040.862454,5912.098737,33580.72083,190738.4943,1083394.648,6153681.599,34952911.48
26.4,13.98,195.4404,2732.256792,38196.94995,533993.3603,7465227.177,104363875.9,1459006986,20396917659,2.85149E+11
29.6,13.15,172.9225,2273.930875,29902.19101,393213.8117,5170761.624,67995515.36,894141027,11757954505,1.54617E+11
50,4.45,19.8025,88.121125,392.1390063,1745.018578,7765.332671,34555.73039,153773.0002,684289.851,3045089.837
32,6.68,44.6224,298.077632,1991.158582,13300.93933,88850.2747,593519.835,3964712.498,26484279.48,176914987
29.8,4.56,20.7936,94.818816,432.373801,1971.624532,8990.607868,40997.17188,186947.1038,852478.7931,3887303.297
34.9,5.39,29.0521,156.590819,844.0245144,4549.292133,24520.6846,132166.49,712377.3809,3839714.083,20696058.91
37,5.1,26.01,132.651,676.5201,3450.25251,17596.2878,89741.06779,457679.4457,2334165.173,11904242.38
30.5,4.69,21.9961,103.161709,483.8284152,2269.155267,10642.3382,49912.56618,234089.9354,1097881.797,5149065.627
36.4,2.87,8.2369,23.639903,67.84652161,194.719517,558.8450138,1603.88519,4603.150495,13211.04192,37915.69031
31.1,5.03,25.3009,127.263527,640.1355408,3219.88177,16196.0053,81465.90668,409773.5106,2061160.758,10367638.61
29.1,4.38,19.1844,84.027672,368.0412034,1612.020471,7060.649662,30925.64552,135454.3274,593289.9539,2598609.998
50,2.97,8.8209,26.198073,77.80827681,231.0905821,686.3390289,2038.426916,6054.12794,17980.75998,53402.85715
33.3,4.08,16.6464,67.917312,277.102633,1130.578742,4612.761269,18820.06598,76785.86919,313286.3463,1278208.293
30.3,8.61,74.1321,638.277381,5495.56825,47316.84264,407398.0151,3507696.91,30201270.39,260032938.1,2238883597
34.6,6.62,43.8244,290.117528,1920.578035,12714.22659,84168.18005,557193.3519,3688619.99,24418664.33,161651557.9
34.9,4.56,20.7936,94.818816,432.373801,1971.624532,8990.607868,40997.17188,186947.1038,852478.7931,3887303.297
32.9,4.45,19.8025,88.121125,392.1390063,1745.018578,7765.332671,34555.73039,153773.0002,684289.851,3045089.837
24.1,7.43,55.2049,410.172407,3047.580984,22643.52671,168241.4035,1250033.628,9287749.854,69007981.42,512729301.9
42.3,3.11,9.6721,30.080231,93.54951841,290.9390023,904.820297,2813.991124,8751.512395,27217.20355,84645.50303
48.5,3.81,14.5161,55.306341,210.7171592,802.8323766,3058.791355,11653.99506,44401.72119,169170.5577,644539.8249
50,2.88,8.2944,23.887872,68.79707136,198.1355655,570.6304287,1643.415635,4733.037028,13631.14664,39257.70232
22.6,10.87,118.1569,1284.365503,13961.05302,151756.6463,1649594.745,17931094.88,194911001.4,2118682585,23030079697
24.4,10.97,120.3409,1320.139673,14481.93221,158866.7964,1742768.756,19118173.26,209726360.6,2300698176,25238658990
22.5,18.06,326.1636,5890.514616,106382.694,1921271.453,34698162.44,626648813.7,11317277575,2.0439E+11,3.69128E+12
24.4,14.66,214.9156,3150.662696,46188.71512,677126.5637,9926675.424,145525061.7,2133397405,31275605954,4.585E+11
20,23.09,533.1481,12310.38963,284246.8965,6563260.841,151545692.8,3499190047,80796298189,1.86559E+12,4.30764E+13
21.7,17.27,298.2529,5150.827583,88954.79236,1536249.264,26531024.79,458190798.1,7912955084,1.36657E+11,2.36006E+12
19.3,23.98,575.0404,13789.46879,330671.4616,7929501.65,190149449.6,4559783801,1.09344E+11,2.62206E+12,6.2877E+13
22.4,16.03,256.9609,4119.083227,66028.90413,1058443.333,16966846.63,271978551.5,4359816180,69887853373,1.1203E+12
28.1,9.38,87.9844,825.293672,7741.254643,72612.96855,681109.645,6388808.471,59927023.45,562115480,5272643202
23.7,29.55,873.2025,25803.13388,762482.606,22531361.01,665801717.8,19674440760,5.8138E+11,1.71798E+13,5.07662E+14
25,9.47,89.6809,849.278123,8042.663825,76164.02642,721273.3302,6830458.437,64684441.4,612561660,5800958921
23.3,13.51,182.5201,2465.846551,33313.5869,450066.5591,6080399.213,82146193.37,1109795072,14993331428,2.0256E+11
28.7,9.69,93.8961,909.853209,8816.477595,85431.6679,827832.8619,8021700.432,77730277.19,753206385.9,7298569880
21.5,17.92,321.1264,5754.585088,103122.1648,1847949.193,33115249.54,593425271.7,10634180868,1.90565E+11,3.41492E+12
23,10.5,110.25,1157.625,12155.0625,127628.1563,1340095.641,14071004.23,147745544.4,1551328216,16288946268
26.7,9.71,94.2841,915.498611,8889.491513,86316.96259,838137.7067,8138317.132,79023059.36,767313906.3,7450618031
21.7,21.46,460.5316,9883.008136,212089.3546,4551437.55,97673849.82,2096080817,44981894334,9.65311E+11,2.07156E+13
27.5,9.93,98.6049,979.146657,9722.926304,96548.6582,958728.1759,9520170.787,94535295.91,938735488.4,9321643400
30.1,7.6,57.76,438.976,3336.2176,25355.25376,192699.9286,1464519.457,11130347.87,84590643.85,642888893.2
44.8,4.14,17.1396,70.957944,293.7658882,1216.190777,5035.029817,20845.02344,86298.39705,357275.3638,1479120.006
50,4.63,21.4369,99.252847,459.5406816,2127.673356,9851.127638,45610.72096,211177.6381,977752.4642,4526993.909
37.6,3.13,9.7969,30.664297,95.97924961,300.4150513,940.2991105,2943.136216,9212.016356,28833.61119,90249.20304
31.6,6.36,40.4496,257.259456,1636.17014,10406.04209,66182.4277,420920.2402,2677052.728,17026055.35,108285712
46.7,3.92,15.3664,60.236288,236.126249,925.6148959,3628.410392,14223.36874,55755.60545,218561.9734,856762.9356
31.5,3.76,14.1376,53.157376,199.8717338,751.5177189,2825.706623,10624.6569,39948.70996,150207.1494,564778.8819
24.3,11.65,135.7225,1581.167125,18420.59701,214599.9551,2500089.477,29126042.41,339318394.1,3953059291,46053140739
31.7,5.25,27.5625,144.703125,759.6914063,3988.379883,20938.99438,109929.7205,577131.0327,3029937.922,15907174.09
41.7,2.47,6.1009,15.069223,37.22098081,91.9358226,227.0814818,560.8912601,1385.401412,3421.941489,8452.195477
48.3,3.95,15.6025,61.629875,243.4380063,961.5801247,3798.241493,15003.0539,59262.06289,234085.1484,924636.3362
29,8.05,64.8025,521.660125,4199.364006,33804.88025,272129.286,2190640.752,17634658.06,141958997.4,1142769929
24,10.88,118.3744,1287.913472,14012.49858,152455.9845,1658721.111,18046885.69,196350116.3,2136289266,23242827210
25.1,9.54,91.0116,868.250664,8283.111335,79020.88213,753859.2155,7191816.916,68609933.38,654538764.5,6244299813
31.5,4.73,22.3729,105.823817,500.5466544,2367.585675,11198.68024,52969.75756,250546.9532,1185087.089,5605461.93
23.7,6.36,40.4496,257.259456,1636.17014,10406.04209,66182.4277,420920.2402,2677052.728,17026055.35,108285712
23.3,7.37,54.3169,400.315553,2950.325626,21743.89986,160252.542,1181061.234,8704421.297,64151584.96,472797181.2
22,11.38,129.5044,1473.760072,16771.38962,190858.4139,2171968.75,24717004.37,281279509.8,3200960821,36426934144
20.1,12.4,153.76,1906.624,23642.1376,293162.5062,3635215.077,45076666.96,558950670.3,6930988312,85944255065
22.2,11.22,125.8884,1412.467848,15847.88925,177813.3174,1995065.422,22384634.03,251155593.8,2817965763,31617575858
23.7,5.19,26.9361,139.798359,725.5534832,3765.622578,19543.58118,101431.1863,526427.857,2732160.578,14179913.4
17.6,12.5,156.25,1953.125,24414.0625,305175.7813,3814697.266,47683715.82,596046447.8,7450580597,93132257462
18.5,18.46,340.7716,6290.643736,116125.2834,2143672.731,39572198.61,730502786.4,13485081437,2.48935E+11,4.59533E+12
24.3,9.16,83.9056,768.575296,7040.149711,64487.77136,590707.9856,5410885.148,49563707.96,454003564.9,4158672654
20.5,10.15,103.0225,1045.678375,10613.63551,107728.4004,1093443.264,11098449.13,112649258.7,1143389975,11605408250
24.5,9.52,90.6304,862.801408,8213.869404,78196.03673,744426.2696,7086938.087,67467650.59,642292033.6,6114620160
26.2,6.56,43.0336,282.300416,1851.890729,12148.40318,79693.52487,522789.5232,3429499.272,22497515.22,147583699.9
24.4,5.9,34.81,205.379,1211.7361,7149.24299,42180.53364,248865.1485,1468304.376,8662995.819,51111675.33
24.8,3.59,12.8881,46.268279,166.1031216,596.3102066,2140.753642,7685.305573,27590.24701,99048.98676,355585.8625
29.6,3.53,12.4609,43.986977,155.2740288,548.1173217,1934.854146,6830.035134,24110.02402,85108.3848,300432.5983
42.8,3.54,12.5316,44.361864,157.0409986,555.9251349,1967.974978,6966.631421,24661.87523,87303.03831,309052.7556
21.9,6.57,43.1649,283.593393,1863.208592,12241.28045,80425.21255,528393.6465,3471546.257,22808058.91,149848947
20.9,9.25,85.5625,791.453125,7320.941406,67718.70801,626398.0491,5794181.954,53596183.07,495764693.4,4585823414
44,3.11,9.6721,30.080231,93.54951841,290.9390023,904.820297,2813.991124,8751.512395,27217.20355,84645.50303
50,5.12,26.2144,134.217728,687.1947674,3518.437209,18014.39851,92233.72037,472236.6483,2417851.639,12379400.39
36,7.79,60.6841,472.729139,3682.559993,28687.14234,223472.8389,1740853.415,13561248.1,105642122.7,822952135.9
30.1,6.9,47.61,328.509,2266.7121,15640.31349,107918.1631,744635.3253,5137983.744,35452087.84,244619406.1
33.8,9.59,91.9681,881.974079,8458.131418,81113.48029,777878.276,7459852.667,71539987.08,686068476.1,6579396686
43.1,7.26,52.7076,382.657176,2778.091098,20168.94137,146426.5143,1063056.494,7717790.147,56031156.47,406786196
48.8,5.91,34.9281,206.425071,1219.97217,7210.035522,42611.30994,251832.8417,1488332.095,8796042.679,51984612.23
31,11.25,126.5625,1423.828125,16018.06641,180203.2471,2027286.53,22806973.46,256578451.4,2886507578,32473210255
36.5,8.1,65.61,531.441,4304.6721,34867.84401,282429.5365,2287679.245,18530201.89,150094635.3,1215766546
22.8,10.45,109.2025,1141.166125,11925.18601,124618.1938,1302260.125,13608618.3,142210061.3,1486095140,15529694217
30.7,14.79,218.7441,3235.225239,47848.98128,707686.4332,10466682.35,154802231.9,2289525010,33862074898,5.0082E+11
50,7.44,55.3536,411.830784,3064.021033,22796.31649,169604.5947,1261858.184,9388224.89,69848393.18,519672045.3
43.5,3.16,9.9856,31.554496,99.71220736,315.0905753,995.6862178,3146.368448,9942.524297,31418.37678,99282.07062
20.7,13.65,186.3225,2543.302125,34716.07401,473874.4102,6468385.699,88293464.79,1205205794,16451059094,2.24557E+11
21.1,13,169,2197,28561,371293,4826809,62748517,815730721,10604499373,1.37858E+11
25.2,6.59,43.4281,286.191179,1885.99987,12428.73914,81905.39094,539756.5263,3556995.508,23440600.4,154473556.6
24.4,7.73,59.7529,461.889917,3570.409058,27599.26202,213342.2954,1649135.944,12747820.84,98540655.13,761719264.1
35.2,6.58,43.2964,284.890312,1874.578253,12334.7249,81162.48987,534049.1834,3514043.626,23122407.06,152145438.5
32.4,3.53,12.4609,43.986977,155.2740288,548.1173217,1934.854146,6830.035134,24110.02402,85108.3848,300432.5983
32,2.98,8.8804,26.463592,78.86150416,235.0072824,700.3217015,2086.958671,6219.136838,18533.02778,55228.42278
33.2,6.05,36.6025,221.445125,1339.743006,8105.445188,49037.94339,296679.5575,1794911.323,10859213.5,65698241.69
33.1,4.16,17.3056,71.991296,299.4837914,1245.852572,5182.7467,21560.22627,89690.54129,373112.6518,1552148.631
29.1,7.19,51.6961,371.694959,2672.486755,19215.17977,138157.1425,993349.8549,7142185.457,51352313.43,369223133.6
35.1,4.85,23.5225,114.084125,553.3080063,2683.54383,13015.18758,63123.65975,306149.7498,1484826.286,7201407.489
45.4,3.76,14.1376,53.157376,199.8717338,751.5177189,2825.706623,10624.6569,39948.70996,150207.1494,564778.8819
35.4,4.59,21.0681,96.702579,443.8648376,2037.339605,9351.388785,42922.87452,197015.9941,904303.4128,4150752.665
46,3.01,9.0601,27.270901,82.08541201,247.0770902,743.7020414,2238.543144,6738.014865,20281.42474,61047.08848
50,3.16,9.9856,31.554496,99.71220736,315.0905753,995.6862178,3146.368448,9942.524297,31418.37678,99282.07062
32.2,7.85,61.6225,483.736625,3797.332506,29809.06017,234001.1224,1836908.811,14419734.16,113194913.2,888580068.5
22,8.23,67.7329,557.441767,4587.745742,37757.14746,310741.3236,2557401.093,21047411,173220192.5,1425602184
20.1,12.93,167.1849,2161.700757,27950.79079,361403.7249,4672950.163,60421245.61,781246705.7,10101519904,1.30613E+11
23.2,7.14,50.9796,363.994344,2598.919616,18556.28606,132491.8825,945992.0408,6754383.171,48226295.84,344335752.3
22.3,7.6,57.76,438.976,3336.2176,25355.25376,192699.9286,1464519.457,11130347.87,84590643.85,642888893.2
24.8,9.51,90.4401,860.085351,8179.411688,77786.20515,739746.811,7034992.173,66902775.56,636245395.6,6050693712
28.5,3.33,11.0889,36.926037,122.9637032,409.4691317,1363.532209,4540.562254,15120.07231,50349.84078,167664.9698
37.3,3.56,12.6736,45.118016,160.620137,571.8076876,2035.635368,7246.861909,25798.8284,91843.82909,326964.0316
27.9,4.7,22.09,103.823,487.9681,2293.45007,10779.21533,50662.31205,238112.8666,1119130.473,5259913.224
23.9,8.58,73.6164,631.628712,5419.374349,46498.23191,398954.8298,3423032.44,29369618.33,251991325.3,2162085571
21.7,10.4,108.16,1124.864,11698.5856,121665.2902,1265319.018,13159317.79,136856905,1423311812,14802442849
28.6,6.27,39.3129,246.491883,1545.504106,9690.310747,60758.24838,380954.2174,2388582.943,14976415.05,93902122.38
27.1,7.39,54.6121,403.583419,2982.481466,22040.53804,162879.5761,1203680.067,8895195.697,65735496.2,485785317
20.3,15.84,250.9056,3974.344704,62953.62011,997185.3426,15795415.83,250199386.7,3963158285,62776427236,9.94379E+11
22.5,4.97,24.7009,122.763473,610.1344608,3032.36827,15070.8703,74902.22541,372264.0603,1850152.38,9195257.326
29,4.74,22.4676,106.496424,504.7930498,2392.719056,11341.48832,53758.65466,254816.0231,1207827.949,5725104.48
24.8,6.07,36.8449,223.648543,1357.546656,8240.308202,50018.67079,303613.3317,1842932.923,11186602.84,67902679.26
22,9.5,90.25,857.375,8145.0625,77378.09375,735091.8906,6983372.961,66342043.13,630249409.7,5987369392
26.4,8.67,75.1689,651.714363,5650.363527,48988.65178,424731.6109,3682423.067,31926607.99,276803691.3,2399888003
33.1,4.86,23.6196,114.791256,557.8855042,2711.32355,13177.03245,64040.37773,311236.2358,1512608.106,7351275.394
36.1,6.93,48.0249,332.812557,2306.39102,15983.28977,110764.1981,767595.8928,5319439.537,36863715.99,255465551.8
28.4,8.93,79.7449,712.121957,6359.249076,56788.09425,507117.6816,4528560.897,40440048.81,361129635.9,3224887648
33.4,6.47,41.8609,270.840023,1752.334949,11337.60712,73354.31806,474602.4378,3070677.773,19867285.19,128541335.2
28.2,7.53,56.7009,426.957777,3214.992061,24208.89022,182292.9433,1372665.863,10336173.95,77831389.85,586070365.6
22.8,4.54,20.6116,93.576664,424.8380546,1928.764768,8756.592045,39754.92789,180487.3726,819412.6716,3720133.529
20.3,9.97,99.4009,991.026973,9880.538921,98508.97304,982134.4612,9791880.578,97625049.37,973321742.2,9704017769
16.1,12.64,159.7696,2019.487744,25526.32508,322652.7491,4078330.748,51550100.66,651593272.3,8236138962,1.04105E+11
22.1,5.98,35.7604,213.847192,1278.806208,7647.261125,45730.62153,273469.1167,1635345.318,9779365.002,58480602.71
19.4,11.72,137.3584,1609.840448,18867.33005,221125.1082,2591586.268,30373391.06,355976143.2,4172040399,48896313473
21.6,7.9,62.41,493.039,3895.0081,30770.56399,243087.4555,1920390.899,15171088.1,119851596,946827608.3
23.8,9.28,86.1184,799.178752,7416.378819,68823.99544,638686.6776,5927012.369,55002674.78,510424822,4736742348
16.2,11.5,132.25,1520.875,17490.0625,201135.7188,2313060.766,26600198.8,305902286.3,3517876292,40455577357
17.8,18.33,335.9889,6158.676537,112888.5409,2069246.955,37929296.69,695244008.3,12743822672,2.33594E+11,4.28178E+12
19.8,15.94,254.0836,4050.092584,64558.47579,1029062.104,16403249.94,261467804,4167796796,66434680931,1.05897E+12
23.1,10.36,107.3296,1111.934656,11519.64304,119343.5019,1236398.679,12809090.32,132702175.7,1374794540,14242871435
21,12.73,162.0529,2062.933417,26261.1424,334304.3427,4255694.283,54174988.22,689647600.1,8779213949,1.11759E+11
23.8,7.2,51.84,373.248,2687.3856,19349.17632,139314.0695,1003061.3,7222041.363,51998697.81,374390624.3
23.1,6.87,47.1969,324.242703,2227.54737,15303.25043,105133.3304,722265.9802,4961967.284,34088715.24,234189473.7
20.4,7.7,59.29,456.533,3515.3041,27067.84157,208422.3801,1604852.327,12357362.92,95151694.45,732668047.3
18.5,11.74,137.8276,1618.096024,18996.44732,223018.2916,2618234.743,30738075.88,360865010.8,4236555227,49737158369
25,6.12,37.4544,229.220928,1402.832079,8585.332326,52542.23383,321558.4711,1967937.843,12043779.6,73707931.14
24.6,5.08,25.8064,131.096512,665.970281,3383.129027,17186.29546,87306.38093,443516.4151,2253063.389,11445562.02
23,6.15,37.8225,232.608375,1430.541506,8797.830263,54106.65612,332755.9351,2046449.001,12585661.36,77401817.34
22.2,12.79,163.5841,2092.240639,26759.75777,342257.3019,4377470.891,55987852.7,716084636.1,9158722495,1.1714E+11
19.3,9.97,99.4009,991.026973,9880.538921,98508.97304,982134.4612,9791880.578,97625049.37,973321742.2,9704017769
22.6,7.34,53.8756,395.446904,2902.580275,21304.93922,156378.2539,1147816.384,8424972.255,61839296.35,453900435.2
19.8,9.09,82.6281,751.089429,6827.40291,62061.09245,564135.3304,5127990.153,46613430.49,423716083.2,3851579196
17.1,12.43,154.5049,1920.495907,23871.76412,296726.0281,3688304.529,45845625.29,569861122.4,7083373751,88046335729
19.4,7.83,61.3089,480.048687,3758.781219,29431.25695,230446.7419,1804397.989,14128436.25,110625655.9,866198885.4
22.2,5.68,32.2624,183.250432,1040.862454,5912.098737,33580.72083,190738.4943,1083394.648,6153681.599,34952911.48
20.7,6.75,45.5625,307.546875,2075.941406,14012.60449,94585.08032,638449.2922,4309532.722,29089345.87,196353084.7
21.1,8.01,64.1601,513.922401,4116.518432,32973.31264,264116.2342,2115571.036,16945724,135735249.2,1087239346
19.5,9.8,96.04,941.192,9223.6816,90392.07968,885842.3809,8681255.332,85076302.26,833747762.1,8170728069
18.5,10.56,111.5136,1177.583616,12435.28298,131316.5883,1386703.173,14643585.5,154636262.9,1632958936,17244046368
20.6,8.51,72.4201,616.295051,5244.670884,44632.14922,379819.5899,3232264.71,27506572.68,234080933.5,1992028744
19,9.74,94.8676,924.010424,8999.86153,87658.6513,853795.2637,8315965.868,80997507.55,788915723.6,7684039148
18.7,9.29,86.3041,801.765089,7448.397677,69195.61442,642827.2579,5971865.226,55478627.95,515396453.7,4788033055
32.7,5.49,30.1401,165.469149,908.425628,4987.256698,27380.03927,150316.4156,825237.1216,4530551.798,24872729.37
16.5,8.65,74.8225,647.214625,5598.406506,48426.21628,418886.7708,3623370.568,31342155.41,271109644.3,2345098423
23.9,7.18,51.5524,370.146232,2657.649946,19081.92661,137008.2331,983719.1134,7063103.234,50713081.22,364119923.2
31.2,4.61,21.2521,97.972181,451.6517544,2082.114588,9598.54825,44249.30743,203989.3073,940390.7065,4335201.157
17.5,10.53,110.8809,1167.575877,12294.57398,129461.8641,1363233.429,14354848,151156549.5,1591678466,16760374246
17.2,12.67,160.5289,2033.901163,25769.52774,326499.9164,4136753.941,52412672.43,664068559.7,8413748651,1.06602E+11
23.1,6.36,40.4496,257.259456,1636.17014,10406.04209,66182.4277,420920.2402,2677052.728,17026055.35,108285712
24.5,5.99,35.8801,214.921799,1287.381576,7711.41564,46191.37969,276686.3643,1657351.322,9927534.42,59465931.18
26.6,5.89,34.6921,204.336469,1203.541802,7088.861216,41753.39256,245927.4822,1448512.87,8531740.805,50251953.34
22.9,5.98,35.7604,213.847192,1278.806208,7647.261125,45730.62153,273469.1167,1635345.318,9779365.002,58480602.71
24.1,5.49,30.1401,165.469149,908.425628,4987.256698,27380.03927,150316.4156,825237.1216,4530551.798,24872729.37
18.6,7.79,60.6841,472.729139,3682.559993,28687.14234,223472.8389,1740853.415,13561248.1,105642122.7,822952135.9
30.1,4.5,20.25,91.125,410.0625,1845.28125,8303.765625,37366.94531,168151.2539,756680.6426,3405062.892
18.2,8.05,64.8025,521.660125,4199.364006,33804.88025,272129.286,2190640.752,17634658.06,141958997.4,1142769929
20.6,5.57,31.0249,172.808693,962.54442,5361.372419,29862.84438,166336.0432,926491.7605,5160559.106,28744314.22
17.8,17.6,309.76,5451.776,95951.2576,1688742.134,29721861.55,523104763.4,9206643835,1.62037E+11,2.85185E+12
21.7,13.27,176.0929,2336.752783,31008.70943,411485.5741,5460413.569,72459688.06,961540060.5,12759636603,1.6932E+11
22.7,11.48,131.7904,1512.953792,17368.70953,199392.7854,2289029.177,26278054.95,301672070.8,3463195373,39757482881
22.6,12.67,160.5289,2033.901163,25769.52774,326499.9164,4136753.941,52412672.43,664068559.7,8413748651,1.06602E+11
25,7.79,60.6841,472.729139,3682.559993,28687.14234,223472.8389,1740853.415,13561248.1,105642122.7,822952135.9
19.9,14.19,201.3561,2857.243059,40544.27901,575323.3191,8163837.898,115844859.8,1643838560,23326069169,3.30997E+11
20.8,10.19,103.8361,1058.089859,10781.93566,109867.9244,1119554.15,11408256.79,116250136.6,1184588892,12070960814
16.8,14.64,214.3296,3137.785344,45937.17744,672520.2777,9845696.865,144141002.1,2110224271,30893683325,4.52284E+11
21.9,5.29,27.9841,148.035889,783.1098528,4142.651121,21914.62443,115928.3632,613261.0416,3244150.91,17161558.31
27.5,7.12,50.6944,360.944128,2569.922191,18297.846,130280.6635,927598.3244,6604500.07,47024040.5,334811168.3
21.9,14,196,2744,38416,537824,7529536,105413504,1475789056,20661046784,2.89255E+11
23.1,13.33,177.6889,2368.593037,31573.34518,420872.6913,5610232.975,74784405.56,996876126.1,13288358760,1.77134E+11
50,3.26,10.6276,34.645976,112.9458818,368.2035745,1200.343653,3913.120309,12756.77221,41587.07739,135573.8723
50,3.73,13.9129,51.895117,193.5687864,722.0115733,2693.103168,10045.27482,37468.87507,139758.904,521300.712
50,2.96,8.7616,25.934336,76.76563456,227.2262783,672.5897838,1990.86576,5892.962649,17443.16944,51631.78155
50,9.53,90.8209,865.523177,8248.435877,78607.59391,749130.3699,7139212.425,68036694.41,648389697.8,6179153820
50,8.88,78.8544,700.227072,6218.016399,55215.98563,490317.9524,4354023.417,38663727.94,343333904.1,3048805069
13.8,34.77,1208.9529,42035.29233,1461567.114,50818688.57,1766965802,61437400919,2.13618E+12,7.42749E+13,2.58254E+15
13.8,37.97,1441.7209,54742.14257,2078559.153,78922891.06,2996702173,1.13785E+11,4.32041E+12,1.64046E+14,6.22882E+15
15,13.44,180.6336,2427.715584,32628.49745,438527.0057,5893802.957,79212711.74,1064618846,14308477287,1.92306E+11
13.9,23.24,540.0976,12551.86822,291705.4175,6779233.903,157549395.9,3661447961,85092050614,1.97754E+12,4.5958E+13
13.3,21.24,451.1376,9582.162624,203525.1341,4322873.849,91817840.55,1950210933,41422480224,8.79813E+11,1.86872E+13
13.1,23.69,561.2161,13295.20941,314963.5109,7461485.573,176762593.2,4187505834,99202013198,2.3501E+12,5.56738E+13
10.2,21.78,474.3684,10331.74375,225025.3789,4901052.753,106744929,2324904553,50636421157,1.10286E+12,2.40203E+13
10.4,17.21,296.1841,5097.328361,87725.02109,1509747.613,25982756.42,447163238,7695679326,1.32443E+11,2.27934E+12
10.9,21.08,444.3664,9367.243712,197461.4974,4162488.366,87745254.76,1849669970,38991042975,8.21931E+11,1.73263E+13
11.3,23.6,556.96,13144.256,310204.4416,7320824.822,172771465.8,4077406593,96226795588,2.27095E+12,5.35945E+13
12.3,24.56,603.1936,14814.43482,363842.5191,8935972.269,219467478.9,5390121282,1.32381E+11,3.25129E+12,7.98516E+13
8.8,30.63,938.1969,28736.97105,880213.4232,26960937.15,825813505,25294667657,7.74776E+11,2.37314E+13,7.26892E+14
7.2,30.81,949.2561,29246.58044,901087.1434,27762494.89,855362467.5,26353717623,8.11958E+11,2.50164E+13,7.70756E+14
10.5,28.28,799.7584,22617.16755,639613.4984,18088269.73,511536268.1,14466245661,4.09105E+11,1.15695E+13,3.27186E+14
7.4,31.99,1023.3601,32737.2896,1047265.894,33502035.96,1071730130,34284646868,1.09677E+12,3.50855E+13,1.12239E+15
10.2,30.62,937.5844,28708.83433,879064.5071,26916955.21,824197168.5,25236917299,7.72754E+11,2.36617E+13,7.24522E+14
11.5,20.85,434.7225,9063.964125,188983.652,3940309.144,82155445.66,1712941042,35714820726,7.44654E+11,1.5526E+13
15.1,17.11,292.7521,5008.988431,85703.79205,1466391.882,25089965.1,429289302.9,7345139973,1.25675E+11,2.15031E+12
23.2,18.76,351.9376,6602.349376,123860.0743,2323614.994,43591017.28,817767484.2,15341318004,2.87803E+11,5.39919E+12
9.7,25.68,659.4624,16934.99443,434890.657,11167992.07,286794036.4,7364870855,1.8913E+11,4.85686E+12,1.24724E+14
13.8,15.17,230.1289,3491.055413,52959.31062,803392.742,12187467.9,184883888,2804688581,42547125771,6.4544E+11
12.7,16.35,267.3225,4370.722875,71461.31901,1168392.566,19103218.45,312337621.7,5106720114,83494873866,1.36514E+12
13.1,17.12,293.0944,5017.776128,85904.32731,1470682.084,25178077.27,431048682.9,7379553451,1.26338E+11,2.16291E+12
12.5,19.37,375.1969,7267.563953,140772.7138,2726767.466,52817485.81,1023074700,19816956942,3.83854E+11,7.43526E+12
8.5,19.92,396.8064,7904.383488,157455.3191,3136509.956,62479278.33,1244587224,24792177507,4.9386E+11,9.83769E+12
5,30.59,935.7481,28624.53438,875624.5067,26785353.66,819363968.4,25064343794,7.66718E+11,2.34539E+13,7.17455E+14
6.3,29.97,898.2009,26919.08097,806764.8568,24178742.76,724636920.4,21717368505,6.5087E+11,1.95066E+13,5.84612E+14
5.6,26.77,716.6329,19184.26273,513562.7134,13748073.84,368035936.6,9852322023,2.63747E+11,7.0605E+12,1.8901E+14
7.2,20.32,412.9024,8390.176768,170488.3919,3464324.124,70395066.2,1430427745,29066291781,5.90627E+11,1.20015E+13
12.1,20.31,412.4961,8377.795791,170153.0325,3455808.09,70187462.32,1425507360,28952054474,5.88016E+11,1.19426E+13
8.3,19.77,390.8529,7727.161833,152765.9894,3020183.611,59709029.99,1180447523,23337447529,4.61381E+11,9.12151E+12
8.5,27.38,749.6644,20525.81127,561996.7126,15387469.99,421308928.4,11535438459,3.1584E+11,8.64771E+12,2.36774E+14
5,22.98,528.0804,12135.28759,278868.9089,6408407.526,147265204.9,3384154410,77767868331,1.78711E+12,4.10677E+13
11.9,23.34,544.7556,12714.5957,296758.6637,6926347.211,161660943.9,3773166431,88065704500,2.05545E+12,4.79743E+13
27.9,12.13,147.1369,1784.770597,21649.26734,262605.6129,3185406.084,38638975.8,468690776.4,5685219118,68961707902
17.2,26.4,696.96,18399.744,485753.2416,12823885.58,338550579.3,8937735293,2.35956E+11,6.22924E+12,1.64452E+14
27.5,19.78,391.2484,7738.893352,153075.3105,3027829.642,59890470.31,1184633503,23432050685,4.63486E+11,9.16775E+12
15,10.11,102.2121,1033.364331,10447.31339,105622.3383,1067841.841,10795881.01,109146357,1103469669,11156078356
17.2,21.22,450.2884,9555.119848,202759.6432,4302559.628,91300315.31,1937392691,41111472900,8.72385E+11,1.8512E+13
17.9,34.37,1181.2969,40601.17445,1395462.366,47962041.52,1648455367,56657410963,1.94732E+12,6.69292E+13,2.30036E+15
16.3,20.08,403.2064,8096.384512,162575.401,3264514.052,65551442.17,1316272959,26430761011,5.3073E+11,1.06571E+13
7,36.98,1367.5204,50570.90439,1870112.044,69156743.4,2557416371,94573257400,3.49732E+12,1.29331E+14,4.78266E+15
7.2,29.05,843.9025,24515.36763,712171.4295,20688580.03,601003249.8,17459144406,5.07188E+11,1.47338E+13,4.28017E+14
7.5,25.79,665.1241,17153.55054,442390.0684,11409239.86,294244296.1,7588560396,1.95709E+11,5.04733E+12,1.30171E+14
10.4,26.64,709.6896,18906.13094,503659.3283,13417484.51,357441787.3,9522249213,2.53673E+11,6.75784E+12,1.80029E+14
8.8,20.62,425.1844,8767.302328,180781.774,3727720.18,76865590.11,1584968468,32682049812,6.73904E+11,1.38959E+13
8.4,22.74,517.1076,11759.02682,267400.27,6080682.139,138274711.8,3144366947,71502904384,1.62598E+12,3.69747E+13
16.7,15.02,225.6004,3388.518008,50895.54048,764451.018,11482054.29,172460455.4,2590356041,38907147732,5.84385E+11
14.2,15.7,246.49,3869.893,60757.3201,953889.9256,14976071.83,235124327.8,3691451946,57955795548,9.09906E+11
20.8,14.1,198.81,2803.221,39525.4161,557308.367,7858047.975,110798476.4,1562258518,22027845102,3.10593E+11
13.4,23.29,542.4241,12633.05729,294223.9043,6852474.73,159594136.5,3716947438,86567705838,2.01616E+12,4.69564E+13
11.7,17.16,294.4656,5053.029696,86709.98958,1487943.421,25533109.11,438148152.3,7518622294,1.2902E+11,2.21398E+12
8.3,24.39,594.8721,14508.93052,353872.8154,8630957.967,210509064.8,5134316091,1.25226E+11,3.05426E+12,7.44934E+13
10.2,15.69,246.1761,3862.503009,60602.67221,950855.927,14918929.49,234078003.8,3672683879,57624410064,9.04127E+11
10.9,14.52,210.8304,3061.257408,44449.45756,645406.1238,9371296.918,136071231.2,1975754278,28687952113,4.16549E+11
11,21.52,463.1104,9966.135808,214471.2426,4615421.14,99323862.94,2137449531,45997913897,9.89875E+11,2.13021E+13
9.5,24.08,579.8464,13962.70131,336221.8476,8096222.09,194957027.9,4694565233,1.13045E+11,2.72213E+12,6.55488E+13
14.5,17.64,311.1696,5489.031744,96826.51996,1708019.812,30129469.49,531483841.7,9375374968,1.65382E+11,2.91733E+12
14.1,19.69,387.6961,7633.736209,150308.266,2959569.757,58273928.51,1147413652,22592574814,4.44848E+11,8.75905E+12
16.1,12.03,144.7209,1740.992427,20944.1389,251957.9909,3031054.631,36463587.21,438656954.1,5277043158,63482829193
14.3,16.22,263.0884,4267.293848,69215.50621,1122675.511,18209796.79,295362903.9,4790786301,77706553795,1.2604E+12
11.7,15.17,230.1289,3491.055413,52959.31062,803392.742,12187467.9,184883888,2804688581,42547125771,6.4544E+11
13.4,23.27,541.4929,12600.53978,293214.5608,6823102.829,158773602.8,3694661738,85974778636,2.00063E+12,4.65547E+13
9.6,18.05,325.8025,5880.735125,106147.269,1915958.206,34583045.61,624223973.3,11267242717,2.03374E+11,3.6709E+12
8.7,26.45,699.6025,18504.48613,489443.658,12945784.75,342416006.8,9056903379,2.39555E+11,6.33623E+12,1.67593E+14
8.4,34.02,1157.3604,39373.40081,1339483.095,45569214.91,1550264691,52740004794,1.79421E+12,6.10392E+13,2.07655E+15
12.8,22.88,523.4944,11977.55187,274046.3868,6270181.331,143461748.8,3282404814,75101422135,1.71832E+12,3.93152E+13
10.5,22.11,488.8521,10808.51993,238976.3757,5283767.666,116824103.1,2582980920,57109708130,1.2627E+12,2.79182E+13
17.1,19.52,381.0304,7437.713408,145184.1657,2833994.915,55319580.74,1079838216,21078441977,4.11451E+11,8.03153E+12
18.4,16.59,275.2281,4566.034179,75750.50703,1256700.912,20848668.12,345879404.2,5738139315,95195731240,1.5793E+12
15.4,18.85,355.3225,6697.829125,126254.079,2379889.389,44860914.99,845628247.5,15940092466,3.00471E+11,5.66387E+12
10.8,23.79,565.9641,13464.28594,320315.3625,7620302.474,181286995.8,4312817631,1.02602E+11,2.4409E+12,5.8069E+13
11.8,23.98,575.0404,13789.46879,330671.4616,7929501.65,190149449.6,4559783801,1.09344E+11,2.62206E+12,6.2877E+13
14.9,17.79,316.4841,5630.252139,100162.1856,1781885.281,31699739.15,563938359.5,10032463415,1.78478E+11,3.17512E+12
12.6,16.44,270.2736,4443.297984,73047.81886,1200906.142,19742896.97,324573226.3,5335983840,87723574326,1.44218E+12
14.1,18.13,328.6969,5959.274797,108041.6521,1958795.152,35512956.11,643849894.2,11672998582,2.11631E+11,3.83688E+12
13,19.31,372.8761,7200.237491,139036.586,2684796.475,51843419.93,1001096439,19331172233,3.73285E+11,7.20813E+12
13.4,17.44,304.1536,5304.438784,92509.41239,1613364.152,28137070.81,490710515,8557991381,1.49251E+11,2.60294E+12
15.2,17.73,314.3529,5573.476917,98817.74574,1752038.632,31063644.94,550758424.9,9764946873,1.73133E+11,3.06964E+12
16.1,17.27,298.2529,5150.827583,88954.79236,1536249.264,26531024.79,458190798.1,7912955084,1.36657E+11,2.36006E+12
17.8,16.74,280.2276,4691.010024,78527.5078,1314550.481,22005575.05,368373326.3,6166569482,1.03228E+11,1.72804E+12
14.9,18.71,350.0641,6549.699311,122544.8741,2292814.595,42898561.06,802632077.5,15017246170,2.80973E+11,5.257E+12
14.1,18.13,328.6969,5959.274797,108041.6521,1958795.152,35512956.11,643849894.2,11672998582,2.11631E+11,3.83688E+12
12.7,19.01,361.3801,6869.835701,130595.5767,2482621.913,47194642.56,897170155,17055204647,3.24219E+11,6.16341E+12
13.5,16.94,286.9636,4861.163384,82348.10772,1394976.945,23630909.45,400307606,6781210846,1.14874E+11,1.94596E+12
14.9,16.23,263.4129,4275.191367,69386.35589,1126140.556,18277261.22,296639949.7,4814466383,78138789399,1.26819E+12
20,14.7,216.09,3176.523,46694.8881,686414.8551,10090298.37,148327386,2180412575,32052064848,4.71165E+11
16.4,16.42,269.6164,4427.101288,72693.00315,1193619.112,19599225.81,321819287.9,5284272707,86767757846,1.42473E+12
17.7,14.65,214.6225,3144.219625,46062.81751,674820.2765,9886117.05,144831614.8,2121783157,31084123244,4.55382E+11
19.5,13.99,195.7201,2738.124199,38306.35754,535905.942,7497324.129,104887564.6,1467377028,20528604626,2.87195E+11
20.2,10.29,105.8841,1089.547389,11211.44263,115365.7447,1187113.513,12215398.05,125696445.9,1293416428,13309255048
21.4,13.22,174.7684,2310.438248,30543.99364,403791.5959,5338124.898,70570011.15,932935547.4,12333407937,1.63048E+11
19.9,14.13,199.6569,2821.151997,39862.87772,563262.4621,7958898.59,112459237.1,1589049020,22453262652,3.17265E+11
19,17.15,294.1225,5044.200875,86508.04501,1483612.972,25443962.47,436363956.3,7483641851,1.28344E+11,2.20111E+12
19.1,21.32,454.5424,9690.843968,206608.7934,4404899.475,93912456.81,2002213579,42687193509,9.10091E+11,1.94031E+13
19.1,18.13,328.6969,5959.274797,108041.6521,1958795.152,35512956.11,643849894.2,11672998582,2.11631E+11,3.83688E+12
20.1,14.76,217.8576,3215.578176,47461.93388,700538.144,10339943.01,152617558.8,2252635167,33248895071,4.90754E+11
19.9,16.29,265.3641,4322.781189,70418.10557,1147110.94,18686437.21,304402062.1,4958709592,80777379252,1.31586E+12
19.6,12.87,165.6369,2131.746903,27435.58264,353095.9486,4544344.858,58485718.33,752711194.9,9687393078,1.24677E+11
23.2,14.36,206.2096,2961.169856,42522.39913,610621.6515,8768526.916,125916046.5,1808154428,25965097585,3.72859E+11
29.8,11.66,135.9556,1585.242296,18483.92517,215522.5675,2512993.137,29301499.98,341655489.7,3983703010,46449977101
13.8,18.14,329.0596,5969.141144,108280.2204,1964203.197,35630646,646339918.4,11724606120,2.12684E+11,3.85809E+12
13.3,24.1,580.81,13997.521,337340.2561,8129900.172,195930594.1,4721927319,1.13798E+11,2.74254E+12,6.60953E+13
16.7,18.68,348.9424,6518.244032,121760.7985,2274491.716,42487505.26,793666598.3,14825692056,2.76944E+11,5.17331E+12
12,24.91,620.5081,15456.85677,385030.3022,9591104.827,238914421.2,5951358233,1.48248E+11,3.69287E+12,9.19893E+13
14.6,18.03,325.0809,5861.208627,105677.5915,1905366.976,34353766.57,619398411.2,11167753355,2.01355E+11,3.63042E+12
21.4,13.11,171.8721,2253.243231,29540.01876,387269.6459,5077105.058,66560847.31,872612708.2,11439952605,1.49978E+11
23,10.74,115.3476,1238.833224,13305.06883,142896.4392,1534707.757,16482761.31,177024856.5,1901246958,20419392333
23.7,7.74,59.9076,463.684824,3588.920538,27778.24496,215003.616,1664127.988,12880350.63,99693913.85,771630893.2
25,7.01,49.1401,344.472101,2414.749428,16927.39349,118661.0284,831813.8089,5831014.8,40875413.75,286536650.4
21.8,10.42,108.5764,1131.366088,11788.83464,122839.6569,1279989.225,13337487.73,138976622.1,1448136402,15089581312
20.6,13.34,177.9556,2373.927704,31668.19557,422453.7289,5635532.744,75178006.8,1002874611,13378347307,1.78467E+11
21.2,10.58,111.9364,1184.287112,12529.75764,132564.8359,1402535.964,14838830.5,156994826.6,1661005266,17573435713
19.1,14.98,224.4004,3361.517992,50355.53952,754325.982,11299803.21,169271052.1,2535680360,37984491798,5.69008E+11
20.6,11.45,131.1025,1501.123625,17187.86551,196801.06,2253372.138,25801110.97,295422720.7,3382590152,38730657235
15.2,18.06,326.1636,5890.514616,106382.694,1921271.453,34698162.44,626648813.7,11317277575,2.0439E+11,3.69128E+12
7,23.97,574.5609,13772.22477,330120.2278,7912981.861,189674175.2,4546489979,1.08979E+11,2.61224E+12,6.26153E+13
8.1,29.68,880.9024,26145.18323,775989.0383,23031354.66,683570606.2,20288375593,6.02159E+11,1.78721E+13,5.30443E+14
13.6,18.07,326.5249,5900.304943,106618.5103,1926596.481,34813598.42,629081723.5,11367506743,2.05411E+11,3.71177E+12
20.1,13.35,178.2225,2379.270375,31763.25951,424039.5144,5660927.517,75573382.36,1008904654,13468877137,1.7981E+11
21.8,12.01,144.2401,1732.323601,20805.20645,249870.5294,3000945.059,36041350.15,432856615.3,5198607950,62435281483
24.5,13.59,184.6881,2509.911279,34109.69428,463550.7453,6299654.628,85612306.4,1163471244,15811574206,2.14879E+11
23.1,17.6,309.76,5451.776,95951.2576,1688742.134,29721861.55,523104763.4,9206643835,1.62037E+11,2.85185E+12
19.7,21.14,446.8996,9447.457544,199719.2525,4222064.997,89254454.05,1886839159,39887779811,8.43228E+11,1.78258E+13
18.3,14.1,198.81,2803.221,39525.4161,557308.367,7858047.975,110798476.4,1562258518,22027845102,3.10593E+11
21.2,12.92,166.9264,2156.689088,27864.42302,360008.3454,4651307.822,60094897.06,776426070.1,10031424825,1.29606E+11
17.5,15.1,228.01,3442.951,51988.5601,785027.2575,11853911.59,178994065,2702810381,40812436757,6.16268E+11
16.8,14.33,205.3489,2942.649737,42168.17073,604269.8866,8659187.475,124086156.5,1778154623,25480955745,3.65142E+11
22.4,9.67,93.5089,904.231063,8743.914379,84553.65205,817633.8153,7906518.994,76456038.67,739329893.9,7149320074
20.6,9.08,82.4464,748.613312,6797.408873,61720.47257,560421.8909,5088630.769,46204767.39,419539287.9,3809416734
23.9,5.64,31.8096,179.406144,1011.850652,5706.837678,32186.5645,181532.2238,1023841.742,5774467.426,32567996.29
22,6.48,41.9904,272.097792,1763.193692,11425.49513,74037.20841,479761.1105,3108851.996,20145360.93,130541938.9
11.9,7.88,62.0944,489.303872,3855.714511,30383.03035,239418.2792,1886616.04,14866534.39,117148291,923128533.2
