X1,X2,X3,X4,X5,y
1.668068295,2.782451838,4.641319694,7.74203823,12.91424851,-3.901561631
0.925861816,0.857220102,0.793667361,0.734826304,0.680347616,-0.384578339
1.057996775,1.119357175,1.184276281,1.252960485,1.325628152,12.49367696
-0.920339014,0.8470239,-0.779549141,0.717449488,-0.660296754,12.23738875
1.299748466,1.689346074,2.195724968,2.853890158,3.709339354,-3.772850645
0.331183012,0.109682188,0.036324877,0.012030182,0.003984192,1.02930203
-0.509844968,0.259941891,-0.132530065,0.067569787,-0.034450116,8.302473116
-0.903098919,0.815587657,-0.736556331,0.665183226,-0.600726252,12.73599608
-0.130016373,0.016904257,-0.00219783,0.000285754,-3.72E-05,-26.59796273
-2.238203491,5.009554868,-11.2124032,25.09563998,-56.16914902,38.35541893
0.973164881,0.947049885,0.921635689,0.896903485,0.872834973,-7.094937216
-0.024184812,0.000584905,-1.41E-05,3.42E-07,-8.27E-09,1.1509713
-0.484927754,0.235154926,-0.11403315,0.055297839,-0.026815457,-4.296928914
-1.109264358,1.230467415,-1.364913647,1.514050061,-1.679481768,-3.959021951
-0.558974765,0.312452788,-0.174653224,0.097626745,-0.054570887,-17.19996905
1.042386573,1.086569768,1.132625737,1.180633861,1.230676885,5.111521282
-1.712262705,2.931843571,-5.020086405,8.595706727,-14.71810805,27.52520281
0.136119886,0.018528623,0.002522114,0.00034331,4.67E-05,-2.420843979
-0.464443989,0.215708219,-0.100184386,0.046530036,-0.021610595,1.940265557
0.050979839,0.002598944,0.000132494,6.75E-06,3.44E-07,-5.883135538
1.447898711,2.096410678,3.03539032,4.394937733,6.36342468,-9.096151747
0.593138477,0.351813252,0.208673977,0.123772565,0.07341427,9.498795391
-0.755615683,0.57095506,-0.431422598,0.325989681,-0.246322915,4.795508661
-0.627165534,0.393336607,-0.246687163,0.154713686,-0.097031092,-7.543410383
0.884034885,0.781517678,0.690888891,0.610769881,0.539941882,8.714026844
0.162717755,0.026477068,0.004308289,0.000701035,0.000114071,14.12199188
-2.502812866,6.26407224,-15.67780059,39.23860102,-98.20687547,61.37532386
0.410790991,0.168749238,0.069320667,0.028476305,0.01169781,6.317130861
0.728750406,0.531077155,0.387022692,0.282042944,0.20553891,5.960005933
0.029140198,0.000849151,2.47E-05,7.21E-07,2.10E-08,7.179237193
-0.291052458,0.084711534,-0.0246555,0.007176044,-0.002088605,-2.719941916
0.314293077,0.098780139,0.031045914,0.009757516,0.00306672,12.40257849
0.997189683,0.994387263,0.991592719,0.988806029,0.98602717,19.72313439
3.428562934,11.75504379,40.30290743,138.1810545,473.7624418,-96.61513463
-0.578567349,0.334740178,-0.193669737,0.112050987,-0.064829042,-2.255177132
-0.204163006,0.041682533,-0.008510031,0.001737434,-0.00035472,-15.84924779
-1.867168657,3.486318794,-6.509545181,12.15441873,-22.69434971,29.02394878
1.443433946,2.083501556,3.007396872,4.340978733,6.265916061,-5.403785621
0.403380035,0.162715453,0.065636165,0.026476319,0.010680018,2.124741574
-0.6907654,0.477156838,-0.329603434,0.227678648,-0.157272533,14.28940219
1.172287463,1.374257897,1.611025304,1.888584768,2.213964247,-0.894101341
-1.571128404,2.468444462,-3.878243207,6.09321806,-9.573227965,-17.74415157
0.801992309,0.643191664,0.515834768,0.413695517,0.331780623,6.561742729
-0.571972862,0.327152955,-0.187122612,0.107029056,-0.061217715,-1.155146039
1.553393712,2.413032025,3.748388774,5.822723551,9.044982151,-19.92140873
0.701219979,0.491709459,0.344796497,0.241778193,0.169539699,3.393657934
1.014992677,1.030210135,1.045655743,1.061332922,1.077245144,14.62469705
-0.118041965,0.013933905,-0.001644786,0.000194154,-2.29E-05,11.12608083
-1.063890947,1.131863948,-1.204179808,1.281115997,-1.362967711,22.81078597
1.176691201,1.384602181,1.629249203,1.917123201,2.255862,22.57556668
1.347619439,1.816078153,2.447382223,3.29813986,4.444637389,5.205766177
-0.794300044,0.63091256,-0.501133875,0.398050659,-0.316171656,0.710578152
-1.279943031,1.638254163,-2.096872,2.683876704,-3.435209284,17.7392775
0.556752763,0.309973639,0.17257868,0.096083657,0.053494841,9.201484392
-0.048403721,0.00234292,-0.000113406,5.49E-06,-2.66E-07,-17.75135295
0.234364308,0.054926629,0.012872841,0.003016935,0.000707062,12.28978038
-0.983657089,0.967581268,-0.951768173,0.93621351,-0.920913055,-9.286022549
1.093005055,1.194660051,1.305769475,1.427212638,1.559950628,12.71859959
-1.251296029,1.565741752,-1.959206436,2.451547233,-3.067611317,16.98878196
1.481599809,2.195137994,3.252316032,4.818630812,7.13928249,-2.245045433
-0.227293069,0.051662139,-0.011742446,0.002668977,-0.00060664,8.45226877
-0.063780165,0.004067909,-0.000259452,1.65E-05,-1.06E-06,-13.13085373
-0.176185108,0.031041192,-0.005468996,0.000963556,-0.000169764,-14.95721526
-2.172673937,4.720512038,-10.25613348,22.2832339,-48.41420154,46.74420937
-1.588957232,2.524785084,-4.011775518,6.374539722,-10.12887099,21.24631564
-1.292981481,1.67180111,-2.161607874,2.79491895,-3.613778443,11.00523353
-0.547431498,0.299681245,-0.164054953,0.089808849,-0.049164193,-5.474631507
-0.008796602,7.74E-05,-6.81E-07,5.99E-09,-5.27E-11,-4.659953907
-0.478540231,0.229000752,-0.109586073,0.052441345,-0.025095293,2.141604768
-0.359362334,0.129141287,-0.046408514,0.016677472,-0.005993255,8.304942942
0.609150984,0.371064921,0.226034561,0.137689175,0.083873497,-12.94787357
1.038693764,1.078884735,1.120630846,1.163992271,1.209031513,-2.325592349
0.098843388,0.009770015,0.000965701,9.55E-05,9.43E-06,2.179013036
-1.109817419,1.231694705,-1.366956239,1.517071845,-1.68367276,-10.95672623
-0.754384294,0.569095663,-0.42931683,0.323869873,-0.244322346,-14.9948135
1.017105658,1.03450392,1.052199791,1.070198361,1.088504809,0.275186438
-1.749904777,3.06216673,-5.358500189,9.37686508,-16.408621,17.1577602
-1.350573112,1.824047731,-2.46350982,3.327150124,-4.493559497,19.04937671
0.03391207,0.001150028,3.90E-05,1.32E-06,4.49E-08,7.301776219
0.424447055,0.180155303,0.076466388,0.032455933,0.013775825,7.020682037
-0.429403038,0.184386969,-0.079176324,0.033998554,-0.014599082,3.677873395
-0.223169586,0.049804664,-0.011114886,0.002480505,-0.000553573,23.7366268
0.231588596,0.053633278,0.012420856,0.002876528,0.000666171,5.686284733
-0.895378572,0.801702787,-0.717827497,0.642727359,-0.575484305,-8.13921205
-1.000759118,1.001518813,-1.002279084,1.003039933,-1.003801359,3.24848583
1.169369952,1.367426085,1.599026976,1.869854098,2.186551197,15.6601956
0.78685977,0.619148298,0.487182887,0.383344615,0.301638455,9.488967175
0.563006135,0.316975909,0.178459381,0.100473727,0.056567325,5.620981378
-1.270065662,1.613066787,-2.048700737,2.601984459,-3.304691116,25.60248797
-0.284836363,0.081131754,-0.023109274,0.006582361,-0.001874896,3.79152318
0.268540961,0.072114248,0.019365629,0.005200465,0.001396538,12.38398564
-0.750507588,0.56326164,-0.422732135,0.317263676,-0.238108796,-1.98752646
0.480001649,0.230401583,0.11059314,0.05308489,0.025480835,5.144093535
1.938019159,3.755918261,7.279041551,14.10692199,27.33948509,-4.982413577
-0.704193259,0.495888146,-0.34920109,0.245905054,-0.173164681,-6.939294135
-0.230238961,0.053009979,-0.012204963,0.002810058,-0.000646985,-16.63843717
-0.013515775,0.000182676,-2.47E-06,3.34E-08,-4.51E-10,-15.06818394
-0.49059401,0.240682482,-0.118077384,0.057928057,-0.028419158,-9.487844576
0.156246698,0.024413031,0.003814455,0.000595996,9.31E-05,8.861043249
-0.402486552,0.161995425,-0.06520098,0.026242518,-0.01056226,-3.094398088
